StartDate;EndDate;Status;IPAddress;Progress;Duration (in seconds);Finished;RecordedDate;ResponseId;RecipientLastName;RecipientFirstName;RecipientEmail;ExternalReference;LocationLatitude;LocationLongitude;DistributionChannel;UserLanguage;Q1;Q2;Q3;Q4;Q5;Q6;Q7;Q8_1;Q8_2;Q8_3;Q8_4;Q8_5;Q9;Q10_1;Q10_2;Q10_3;Q10_4;Q10_5;Q11_1;Q11_2;Q12_1;Q12_2;Q12_3;Q12_4;Q12_5;Q12_6;Q12_7;Q12_8;Q13_1;Q13_2;Q13_3;Q14;Q15;Q16;Q16_1_TEXT;Q17_1;Q17_2;Q17_3;2.1_1;2.1_2;2.1_3;2.1_4;2.1_5;2.1_6;2.1_7;2.2;2.2 _1_TEXT;2.3;2.4; 
Date de commencement;Date de fin;Type de r√©ponse;Adresse IP;Progr√®s;Dur√©e (en secondes);Termin√©;Date enregistr√©e;Identifiant de la r√©ponse;Nom du destinataire;Pr√©nom du destinataire;Adresse e-mail du destinataire;R√©f√©rence externe de donn√©es;Latitude de l'emplacement;Longitude de l'emplacement;Canal de distribution;Langue de l'utilisateur;"Section 1: Informations D√©mographiques

Quel est votre √¢ge ?";Quel est votre genre ?;Quelle est votre nationalit√© ? (ex: Fran√ßaise);Quel est votre pays de r√©sidence actuel ?;Quel est votre niveau d'√©ducation ?;"Section 2: Comp√©tences Linguistiques

Parlez-vous plus d'une langue couramment ?";Parlez-vous une langue consid√©r√©e comme dialecte ?;Quelles langues parlez-vous ? (Notez aussi les dialectes, ex: Dialecte alg√©rien) - Langue 1;Quelles langues parlez-vous ? (Notez aussi les dialectes, ex: Dialecte alg√©rien) - Langue 2;Quelles langues parlez-vous ? (Notez aussi les dialectes, ex: Dialecte alg√©rien) - Langue 3;Quelles langues parlez-vous ? (Notez aussi les dialectes, ex: Dialecte alg√©rien) - Langue 4;Quelles langues parlez-vous ? (Notez aussi les dialectes, ex: Dialecte alg√©rien) - Langue 5;Quelle est votre langue maternelle ?;√Ä quel √¢ge avez-vous commenc√© √† apprendre chacune des langues suivantes ? - Langue 1;√Ä quel √¢ge avez-vous commenc√© √† apprendre chacune des langues suivantes ? - Langue 2;√Ä quel √¢ge avez-vous commenc√© √† apprendre chacune des langues suivantes ? - Langue 3;√Ä quel √¢ge avez-vous commenc√© √† apprendre chacune des langues suivantes ? - Langue 4;√Ä quel √¢ge avez-vous commenc√© √† apprendre chacune des langues suivantes ? - Langue 5;S√©lectionnez la/les langue(s) qui correspond(ent): - Quelle langue utilisez-vous principalement pour communiquer avec vos parents ?;S√©lectionnez la/les langue(s) qui correspond(ent): - Quelle(s) langue(s) vos parents parlent-ils principalement ?;"Section 3: Usage des Langues dans Diff√©rentes Situations

S√©lectionnez la langue que vous utilisez le plus dans ces situations: - √† la maison";"Section 3: Usage des Langues dans Diff√©rentes Situations

S√©lectionnez la langue que vous utilisez le plus dans ces situations: - avec vos amis";"Section 3: Usage des Langues dans Diff√©rentes Situations

S√©lectionnez la langue que vous utilisez le plus dans ces situations: - lors de vos achats ou dans les march√©s";"Section 3: Usage des Langues dans Diff√©rentes Situations

S√©lectionnez la langue que vous utilisez le plus dans ces situations: - les activit√©s administratives (banque, administration publique, etc.)";"Section 3: Usage des Langues dans Diff√©rentes Situations

S√©lectionnez la langue que vous utilisez le plus dans ces situations: - au travail ou √† l'√©cole";"Section 3: Usage des Langues dans Diff√©rentes Situations

S√©lectionnez la langue que vous utilisez le plus dans ces situations: - √©crire des messages textuels (SMS, chats, emails) ?";"Section 3: Usage des Langues dans Diff√©rentes Situations

S√©lectionnez la langue que vous utilisez le plus dans ces situations: - penser et r√©fl√©chir";"Section 3: Usage des Langues dans Diff√©rentes Situations

S√©lectionnez la langue que vous utilisez le plus dans ces situations: - r√™ver";"Section 4: Switching Linguistique

√Ä quelle fr√©quence: - utilisez-vous des mots ou des expressions d'une langue dans une phrase majoritairement dans une autre langue ?";"Section 4: Switching Linguistique

√Ä quelle fr√©quence: - changez-vous de langue en cours de conversation (code-switching) ?";"Section 4: Switching Linguistique

√Ä quelle fr√©quence: - vous avez tendance √† changer de langue (code-switching) lorsque vous √™tes stress√© ou sous pression";Dans quelles situations √™tes-vous le plus susceptible de changer de langue en cours de conversation (code-switching) ?;Quelles raisons vous poussent le plus √† changer de langue en parlant ?;"Section 5: Vocabulaire Sp√©cifique

Utilisez-vous des mots d'emprunt (par exemple, des mots Anglaisdans des phrases fran√ßaises) ? - Selected Choice";"Section 5: Vocabulaire Sp√©cifique

Utilisez-vous des mots d'emprunt (par exemple, des mots Anglaisdans des phrases fran√ßaises) ? - Oui (donnez un exemple) - Texte";Section 6: Attitudes et Perceptions - Pensez-vous que parler plusieurs langues est un avantage dans votre vie quotidienne ?;Section 6: Attitudes et Perceptions - Rencontrez-vous des difficult√©s li√©es √† votre multilinguisme ?;Section 6: Attitudes et Perceptions - Y a-t-il des situations o√π vous vous sentez oblig√©(e) de parler une langue plut√¥t qu'une autre ?;R√©pondez par oui ou non: - Avez-vous d√©j√† ressenti des pr√©jug√©s ou des st√©r√©otypes en raison de l'utilisation d'un dialecte ?;R√©pondez par oui ou non: - Pensez-vous que la pr√©servation des dialectes est importante ?;R√©pondez par oui ou non: - Enseignez-vous ou aimeriez-vous enseigner les dialectes √† vos enfants ou √† d'autres membres de votre famille ?;R√©pondez par oui ou non: - Utilisez-vous des dialectes dans les m√©dias sociaux ou d'autres plateformes en ligne ?;R√©pondez par oui ou non: - Pensez-vous que la technologie (applications de langues, etc.) aide √† la pr√©servation et √† la promotion des dialectes ?;R√©pondez par oui ou non: - Avez-vous observ√© des emprunts linguistiques entre les dialectes que vous parlez et d'autres langues ?;R√©pondez par oui ou non: - Y a-t-il des m√©dias (films, s√©ries, musique) qui utilisent les dialectes que vous parlez ?;Y a-t-il des mots ou des expressions que vous pr√©f√©rez utiliser dans un dialecte plut√¥t que dans la langue standard ? - Selected Choice;Y a-t-il des mots ou des expressions que vous pr√©f√©rez utiliser dans un dialecte plut√¥t que dans la langue standard ? - Oui (Veuillez fournir des exemples) - Texte;Dans quelles mesures vous sentez-vous √† l'aise de parler un dialecte lors de situations sociales  ?;Quelle est votre perception de la valeur sociale et culturelle des dialectes que vous parlez ?;Si vous avez des remarques/conseils:
"{""ImportId"":""startDate"",""timeZone"":""Europe/Berlin""}";"{""ImportId"":""endDate"",""timeZone"":""Europe/Berlin""}";"{""ImportId"":""status""}";"{""ImportId"":""ipAddress""}";"{""ImportId"":""progress""}";"{""ImportId"":""duration""}";"{""ImportId"":""finished""}";"{""ImportId"":""recordedDate"",""timeZone"":""Europe/Berlin""}";"{""ImportId"":""_recordId""}";"{""ImportId"":""recipientLastName""}";"{""ImportId"":""recipientFirstName""}";"{""ImportId"":""recipientEmail""}";"{""ImportId"":""externalDataReference""}";"{""ImportId"":""locationLatitude""}";"{""ImportId"":""locationLongitude""}";"{""ImportId"":""distributionChannel""}";"{""ImportId"":""userLanguage""}";"{""ImportId"":""QID2""}";"{""ImportId"":""QID3""}";"{""ImportId"":""QID4_TEXT""}";"{""ImportId"":""QID5_TEXT""}";"{""ImportId"":""QID6""}";"{""ImportId"":""QID44""}";"{""ImportId"":""QID38""}";"{""ImportId"":""QID1_1""}";"{""ImportId"":""QID1_2""}";"{""ImportId"":""QID1_3""}";"{""ImportId"":""QID1_4""}";"{""ImportId"":""QID1_5""}";"{""ImportId"":""QID9""}";"{""ImportId"":""QID10_x1""}";"{""ImportId"":""QID10_x2""}";"{""ImportId"":""QID10_x3""}";"{""ImportId"":""QID10_x4""}";"{""ImportId"":""QID10_x5""}";"{""ImportId"":""QID34_1""}";"{""ImportId"":""QID34_5""}";"{""ImportId"":""QID20_1""}";"{""ImportId"":""QID20_2""}";"{""ImportId"":""QID20_3""}";"{""ImportId"":""QID20_4""}";"{""ImportId"":""QID20_5""}";"{""ImportId"":""QID20_6""}";"{""ImportId"":""QID20_7""}";"{""ImportId"":""QID20_9""}";"{""ImportId"":""QID23_1""}";"{""ImportId"":""QID23_2""}";"{""ImportId"":""QID23_12""}";"{""ImportId"":""QID25""}";"{""ImportId"":""QID26""}";"{""ImportId"":""QID27""}";"{""ImportId"":""QID27_1_TEXT""}";"{""ImportId"":""QID30_1""}";"{""ImportId"":""QID30_2""}";"{""ImportId"":""QID30_3""}";"{""ImportId"":""QID40_1""}";"{""ImportId"":""QID40_4""}";"{""ImportId"":""QID40_5""}";"{""ImportId"":""QID40_6""}";"{""ImportId"":""QID40_7""}";"{""ImportId"":""QID40_8""}";"{""ImportId"":""QID40_9""}";"{""ImportId"":""QID41""}";"{""ImportId"":""QID41_1_TEXT""}";"{""ImportId"":""QID39""}";"{""ImportId"":""QID42""}";"{""ImportId"":""QID45_TEXT""}"
2024-11-27 11:14:38;2024-11-27 13:55:36;IP Address;85.12.130.7;100;9658;True;2024-11-27 13:55:37;R_8O1wQ3AwFxd6wE5;;;;;48.8323;2.4075;anonymous;FR;18-25 ans;Femme;Fran√ßaise;France;Universit√© (Licence);Oui;Non;Anglais;Fran√ßais;Espagnol;Italien;;Langue 2;4ans-18ans;avant 3ans;4ans-18ans;4ans-18ans;;Langue 2;Langue 2;Langue 2;Langue 2;Langue 2;Langue 2;Langue 2;Langue 2;Langue 2;Langue 2;Souvent				;Souvent				;Jamais;Avec des amis,Sur les r√©seaux sociaux;Pour mieux exprimer une id√©e,Parce que certains mots ou expressions sont plus faciles dans une autre langue;Oui (donnez un exemple);slay, relatable, ;oui;non;oui;;;;;;;;;;;;non 
2024-11-27 14:55:21;2024-11-27 15:51:28;IP Address;85.12.130.7;100;3367;True;2024-11-27 15:51:29;R_23krq3csxGsoSQx;;;;;48.8323;2.4075;anonymous;FR;18-25 ans;Femme;Alg√©rienne;France;Universit√© (Licence);Oui;Oui;Fran√ßais;Arabe;Anglais;Dialecte alg√©rien;Kabyle;Langue 5;avant 3ans;4ans-18ans;4ans-18ans;avant 3ans;avant 3ans;Langue 1,Langue 2,Langue 4,Langue 5;Langue 1,Langue 2,Langue 4,Langue 5;Langue 5;Langue 1;Langue 1;Langue 1;Langue 1;Langue 1;Langue 1;Langue 1;Tr√®s souvent				;Tr√®s souvent				;Tr√®s souvent				;√Ä la maison,Avec des amis,Sur les r√©seaux sociaux;Par habitude,Parce que certains mots ou expressions sont plus faciles dans une autre langue;Oui (donnez un exemple);za3ma, slay, 3lah;oui;non;oui;Non;Oui;Oui;Oui;Oui;Oui;Oui;Oui (Veuillez fournir des exemples);ya3ni, lala, ih, ma3lich;Extr√™mement confortable;Excellente;Non
2024-11-27 16:06:15;2024-11-27 16:09:58;IP Address;85.12.130.7;100;223;True;2024-11-27 16:09:59;R_24YSq76uajYYFAR;;;;;48.8323;2.4075;anonymous;FR;18-25 ans;Femme;Fran√ßaise;France;Universit√© (Licence);Oui;Non;Fran√ßais;Anglais;Bosniaque; ;;Langue 1;avant 3ans;4ans-18ans;4ans-18ans;4ans-18ans;;Langue 1;Langue 1;Langue 1;Langue 1;Langue 1;Langue 2;Langue 1;Langue 1;Langue 1;Langue 1;Tr√®s souvent				;Souvent				;Rarement				;Avec des amis,Sur les r√©seaux sociaux;Pour mieux exprimer une id√©e,Par habitude,Parce que certains mots ou expressions sont plus faciles dans une autre langue;Oui (donnez un exemple);Twink;oui;non;non;;;;;;;;;;;;<33
2024-11-27 16:08:27;2024-11-27 16:12:06;IP Address;85.12.130.7;100;218;True;2024-11-27 16:12:07;R_2QtHQcStVY96sIk;;;;;48.8323;2.4075;anonymous;FR;18-25 ans;Femme;Fran√ßaise;France;Universit√© (Licence);Oui;Non;Fran√ßais;Anglais;Espagnol;;;Langue 1;avant 3ans;4ans-18ans;4ans-18ans;;;Langue 1;Langue 1;Langue 1;Langue 1;Langue 1;Langue 1;Langue 1;Langue 1;Langue 1;Langue 1;Souvent				;Parfois				;Souvent				;Avec des amis,Sur les r√©seaux sociaux;Pour mieux exprimer une id√©e,Parce que certains mots ou expressions sont plus faciles dans une autre langue;Oui (donnez un exemple);Delusion;oui;non;oui;;;;;;;;;;;;
2024-11-27 16:02:38;2024-11-27 16:13:50;IP Address;85.12.130.7;100;671;True;2024-11-27 16:13:50;R_8qzPEa5Gzi2Xv1f;;;;;48.8323;2.4075;anonymous;FR;18-25 ans;Femme;Tunisienne;France;Universit√© (Licence);Oui;Oui;Dialecte tunisien;Arabe;Fran√ßais;Anglais;Espagnol;Langue 1;avant 3ans;avant 3ans;avant 3ans;4ans-18ans;4ans-18ans;Langue 1,Langue 3;Langue 1,Langue 3;Langue 1;Langue 3;Langue 3;Langue 3;Langue 3;Langue 1;Langue 1;Langue 3;Tr√®s souvent				;Tr√®s souvent				;Tr√®s souvent				;√Ä la maison,Avec des amis,Sur les r√©seaux sociaux;Pour mieux exprimer une id√©e,Par habitude,Parce que certains mots ou expressions sont plus faciles dans une autre langue;Oui (donnez un exemple);Ghosting, red flag, men are trash, wesh, wallah, ;oui;non;oui;Oui;Oui;Oui;Oui;Non;Oui;Oui;Oui (Veuillez fournir des exemples);Kaskaslou yarjaa El aslou;Ni confortable, ni inconfortable;Bonne;
2024-11-27 16:31:24;2024-11-27 16:37:28;IP Address;195.235.197.103;100;363;True;2024-11-27 16:37:29;R_2fadzPypiYLoLQi;;;;;40.4522;-3.6645;anonymous;FR;18-25 ans;Femme;Fran√ßaise;Espagne ;Universit√© (Licence);Oui;Oui;Fran√ßais;Anglais;Arabe;Espagnol;Dialecte alg√©rien;Langue 1;avant 3ans;4ans-18ans;avant 3ans;4ans-18ans;18ans-25ans;Langue 1,Langue 3,Langue 5;Langue 1,Langue 3,Langue 5;Langue 1;Langue 1;Langue 3;Langue 1;Langue 2;Langue 1;Langue 1;Langue 1;Souvent				;Souvent				;Tr√®s souvent				;Au travail ou √† l'√©cole,Avec des amis,Lors des activit√©s administratives,Lors des achats ou au march√©;Pour mieux exprimer une id√©e,Pour √™tre compris,Parce que certains mots ou expressions sont plus faciles dans une autre langue;Oui (donnez un exemple);Relief, used to, highlight;oui;non;oui;Oui;Oui;Oui;Non;Non;Oui;Non;Non;;Ni confortable, ni inconfortable;Moyenne;
2024-11-27 16:47:48;2024-11-27 16:53:10;IP Address;105.99.118.138;100;322;True;2024-11-27 16:53:11;R_8dAV3SX3ovGDMlf;;;;;36.7377;3.0839;anonymous;FR;Moins de 18 ans;Femme;Alg√©rienne;Alg√©rie;Lyc√©e;Oui;Oui;Dialecte alg√©rien;Dialecte tunisien;;;;Langue 1;avant 3ans;4ans-18ans;;;;Langue 1;Langue 1;Langue 2;Langue 1;Langue 1;Langue 1;Langue 1;Langue 1;Langue 1;Langue 1;Tr√®s souvent				;Tr√®s souvent				;Rarement				;√Ä la maison,Avec des amis;Pour mieux exprimer une id√©e,Par habitude,Pour montrer une certaine identit√© culturelle,Parce que certains mots ou expressions sont plus faciles dans une autre langue;Oui (donnez un exemple);Est-ce que t7abini ?;oui;non;oui;Non;Oui;Oui;Oui;Oui;Oui;Oui;Oui (Veuillez fournir des exemples);Takbar ou tansa;Plut√¥t confortable;Excellente;
2024-11-27 16:52:02;2024-11-27 16:54:18;IP Address;92.92.129.24;100;135;True;2024-11-27 16:54:19;R_20kFM21senDMfhR;;;;;48.9043;2.4877;anonymous;FR;18-25 ans;Femme;Fran√ßaise;France;Universit√© (Licence);Oui;Non;Fran√ßais;Russe;Anglais;Italien;;;avant 3ans;avant 3ans;avant 3ans;avant 3ans;;Langue 2,Langue 3;Langue 1,Langue 2;;Langue 1;Langue 1;Langue 1;Langue 1;Langue 3;Langue 3;Langue 4;Tr√®s souvent				;Tr√®s souvent				;Tr√®s souvent				;√Ä la maison;Pour mieux exprimer une id√©e,Par habitude,Parce que certains mots ou expressions sont plus faciles dans une autre langue;Oui (donnez un exemple);;oui;oui;oui;;;;;;;;;;;;
2024-11-27 16:50:57;2024-11-27 16:55:53;IP Address;81.185.167.78;100;295;True;2024-11-27 16:55:53;R_21bR2sjjCwr03HG;;;;;45.748;4.85;anonymous;FR;18-25 ans;Femme;Alg√©rienne;France;Universit√© (Licence);Oui;Oui;Fran√ßais;Anglais;Arabe;Allemand;plusieurs dialectes arabes;Langue 3;avant 3ans;4ans-18ans;avant 3ans;4ans-18ans;4ans-18ans;Langue 1,Langue 2,Langue 3,Langue 4;Langue 3;Langue 3;Langue 1;Langue 1;Langue 1;Langue 1;Langue 1;Langue 1;Langue 1;Souvent				;Souvent				;Tr√®s souvent				;√Ä la maison,Au travail ou √† l'√©cole,Avec des amis;Par habitude,Parce que certains mots ou expressions sont plus faciles dans une autre langue;Non;;oui;non;oui;Non;Oui;Oui;Oui;Non;Oui;Oui;Non;;Plut√¥t confortable;Bonne;
2024-11-27 16:52:35;2024-11-27 16:56:35;IP Address;92.92.129.7;100;240;True;2024-11-27 16:56:36;R_8dQzJjAszn4vShX;;;;;48.9043;2.4877;anonymous;FR;18-25 ans;Homme;Alg√©rienne;France;Universit√© (Licence);Oui;Oui;Fran√ßais;Arabe;Anglais;Dialecte alg√©rien;;Langue 4;avant 3ans;avant 3ans;4ans-18ans;avant 3ans;;Langue 1,Langue 4;;Langue 4;Langue 4;Langue 1;Langue 1;Langue 1;Langue 1;Langue 4;Langue 1;Souvent				;Tr√®s souvent				;Parfois				;√Ä la maison,Avec des amis,Sur les r√©seaux sociaux;Pour mieux exprimer une id√©e,Par habitude,Pour √™tre compris,Parce que certains mots ou expressions sont plus faciles dans une autre langue;Oui (donnez un exemple);;oui;non;oui;Non;Oui;Oui;Oui;Non;Oui;Oui;Oui (Veuillez fournir des exemples);;Plut√¥t confortable;Bonne;
2024-11-27 16:52:29;2024-11-27 16:56:51;IP Address;78.243.159.54;100;261;True;2024-11-27 16:56:51;R_8fDwi5ZA9BTohce;;;;;48.8582;2.3387;anonymous;FR;18-25 ans;Femme;Alg√©rienne;France;Universit√© (Licence);Oui;Oui;Dialecte alg√©rien;Fran√ßais;Anglais;Arabe;;Langue 1;avant 3ans;avant 3ans;4ans-18ans;4ans-18ans;;Langue 1,Langue 2;Langue 1,Langue 2;Langue 2;Langue 2;Langue 2;Langue 2;Langue 2;Langue 2;Langue 3;Langue 2;Tr√®s souvent				;Tr√®s souvent				;Tr√®s souvent				;√Ä la maison,Avec des amis,Sur les r√©seaux sociaux;Pour mieux exprimer une id√©e,Par habitude,Parce que certains mots ou expressions sont plus faciles dans une autre langue;Oui (donnez un exemple);MAIN SUPPORTER ;oui;non;oui;Oui;Oui;Oui;Oui;Oui;Oui;Oui;;;Plut√¥t confortable;Excellente;
2024-11-27 16:52:09;2024-11-27 17:00:02;IP Address;154.121.84.106;100;473;True;2024-11-27 17:00:03;R_8uZNNKBhaTY7x3f;;;;;36.7642;3.1468;anonymous;FR;18-25 ans;Homme;Alg√©rienne;Alg√©rie;Universit√© (Licence);Oui;Oui;Arabe;Fran√ßais;Anglais;Dialecte alg√©rien;Espagnol;Langue 1;avant 3ans;avant 3ans;4ans-18ans;avant 3ans;18ans-25ans;Langue 2,Langue 4;;Langue 2;Langue 2;Langue 4;Langue 2;Langue 2;Langue 2;Langue 2;Langue 2;Tr√®s souvent				;Souvent				;Rarement				;√Ä la maison,Avec des amis,Lors des achats ou au march√©;Pour mieux exprimer une id√©e,Pour √™tre compris,Parce que certains mots ou expressions sont plus faciles dans une autre langue;Non;;oui;non;oui;Non;Oui;Oui;Oui;Oui;Oui;Oui;Non;;Ni confortable, ni inconfortable;Bonne;
2024-11-27 16:59:05;2024-11-27 17:06:30;IP Address;105.100.241.80;100;445;True;2024-11-27 17:06:31;R_11MmaYFgrghwHS2;;;;;36.7405;3.1159;anonymous;FR;Moins de 18 ans;Femme;Alg√©rienne;Alg√©rie;Lyc√©e;Oui;Oui;Arabe;Anglais;Fran√ßais;Dialecte alg√©rien;;Langue 1;4ans-18ans;18ans-25ans;avant 3ans;4ans-18ans;;Langue 3;Langue 3;Langue 3;Langue 3;Langue 1;Langue 1;Langue 3;Langue 3;Langue 3;Langue 3;Souvent				;Souvent				;Rarement				;Avec des amis;Pour mieux exprimer une id√©e,Pour √™tre compris,Pour montrer une certaine identit√© culturelle,Parce que certains mots ou expressions sont plus faciles dans une autre langue;Non;;oui;non;oui;Oui;Oui;Oui;Oui;Oui;Non;Oui;Non;;Plut√¥t confortable;Bonne;
2024-11-27 17:03:12;2024-11-27 17:12:07;IP Address;105.99.154.24;100;535;True;2024-11-27 17:12:08;R_2HnfaOhS77c6ls5;;;;;36.7377;3.0839;anonymous;FR;Moins de 18 ans;Femme;Alg√©rienne;Alg√©rie;Lyc√©e;Oui;Oui;Fran√ßais;Anglais;Dialecte alg√©rien;;;Langue 3;avant 3ans;4ans-18ans;avant 3ans;;;Langue 1,Langue 3;;Langue 1;Langue 1;Langue 3;Langue 3;Langue 1;Langue 1;Langue 1;Langue 1;Tr√®s souvent				;Tr√®s souvent				;Parfois				;Au travail ou √† l'√©cole,Avec des amis,Sur les r√©seaux sociaux;Pour mieux exprimer une id√©e,Parce que certains mots ou expressions sont plus faciles dans une autre langue;Oui (donnez un exemple);look ;oui;non;oui;Oui;Oui;Oui;Oui;Non;Oui;Oui;Non;;Plut√¥t confortable;Bonne;Super questionnaire !
2024-11-27 17:14:40;2024-11-27 17:20:02;IP Address;87.231.51.189;100;322;True;2024-11-27 17:20:03;R_833DnMzsRpUL4zP;;;;;49.4199;2.823;anonymous;FR;18-25 ans;Femme;Fran√ßaise;France;Universit√© (Licence);Oui;Oui;Fran√ßais;Anglais;Arabe;Dialecte alg√©rien;;Langue 1;avant 3ans;4ans-18ans;avant 3ans;avant 3ans;;Langue 1,Langue 4;Langue 1,Langue 4;Langue 1;Langue 1;Langue 1;Langue 1;Langue 1;Langue 1;Langue 1;Langue 1;Tr√®s souvent				;Souvent				;Souvent				;√Ä la maison;Pour mieux exprimer une id√©e,Par habitude,Parce que certains mots ou expressions sont plus faciles dans une autre langue;Oui (donnez un exemple);;oui;non;oui;Non;Oui;Oui;Oui;Non;Oui;Oui;Oui (Veuillez fournir des exemples);;Plut√¥t inconfortable;Moyenne;
2024-11-27 17:16:58;2024-11-27 17:22:24;IP Address;31.4.207.83;100;325;True;2024-11-27 17:22:25;R_8rhW9w9VC8rQVJQ;;;;;39.5661;2.6487;anonymous;FR;Moins de 18 ans;Femme;Alg√©rienne;Espagne ;Lyc√©e;Oui;Oui;Arabe;Fran√ßais;Anglais;Espagnol;Catalan ;Langue 1;avant 3ans;avant 3ans;;4ans-18ans;4ans-18ans;Langue 1,Langue 2;Langue 1,Langue 2;Langue 1;Langue 2;Langue 4;Langue 4;Langue 2;Langue 2;Langue 2;Langue 2;Tr√®s souvent				;Tr√®s souvent				;Tr√®s souvent				;√Ä la maison,Au travail ou √† l'√©cole,Avec des amis,Sur les r√©seaux sociaux;Pour mieux exprimer une id√©e,Par habitude,Parce que certains mots ou expressions sont plus faciles dans une autre langue;Oui (donnez un exemple);;oui;oui;oui;Oui;Oui;Oui;Oui;Non;Oui;Oui;Oui (Veuillez fournir des exemples);;Plut√¥t confortable;Bonne;
2024-11-27 17:18:48;2024-11-27 17:24:27;IP Address;149.40.62.10;100;338;True;2024-11-27 17:24:28;R_5SB6ReyQ15bt1qk;;;;;47.6034;-122.3414;anonymous;FR;18-25 ans;Homme;American;√âtats-Unis;Universit√© (Licence);Oui;Oui;Anglais;Persian;Espagnol;Japonais;;Langue 1;avant 3ans;avant 3ans;4ans-18ans;18ans-25ans;;Langue 2;Langue 1,Langue 2;Langue 2;Langue 1;Langue 1;Langue 1;Langue 1;Langue 1;Langue 1;Langue 1;Parfois				;Souvent				;Souvent				;√Ä la maison;Pour mieux exprimer une id√©e,Pour √™tre compris,Parce que certains mots ou expressions sont plus faciles dans une autre langue;Oui (donnez un exemple);It‚Äôs complicated so I don‚Äôt want to explain lol;;;;;;;;;;;;;;;
2024-11-27 17:21:36;2024-11-27 17:29:37;IP Address;105.100.108.117;100;481;True;2024-11-27 17:29:38;R_2RsvVH8dCTxPdlI;;;;;36.7405;3.1159;anonymous;FR;Moins de 18 ans;Femme;Alg√©rienne;Alg√©rie;Lyc√©e;Oui;Oui;Fran√ßais;Arabe;Dialecte alg√©rien;Anglais;Kabyle;;avant 3ans;4ans-18ans;avant 3ans;4ans-18ans;4ans-18ans;Langue 1,Langue 3;Langue 1,Langue 3;Langue 1;Langue 3;Langue 3;Langue 3;Langue 1;Langue 1;Langue 1;Langue 1;Tr√®s souvent				;Tr√®s souvent				;Parfois				;√Ä la maison,Au travail ou √† l'√©cole,Avec des amis,Lors des activit√©s administratives,Sur les r√©seaux sociaux,Lors des achats ou au march√©;Pour mieux exprimer une id√©e,Par habitude;Oui (donnez un exemple);Chghol, ¬´¬†acho¬†¬ª ŸäÿπŸÜŸäÿå by the way ;oui;oui;oui;Non;Oui;Oui;Oui;Oui;Oui;Oui;Oui (Veuillez fournir des exemples);Verbes d‚Äô√©tats principalement en Arabe;Extr√™mement confortable;Bonne;
2024-11-27 17:25:33;2024-11-27 17:30:31;IP Address;37.170.7.37;100;298;True;2024-11-27 17:30:33;R_2rIUMbwLJGVUzdB;;;;;48.8582;2.3387;anonymous;FR;18-25 ans;Femme;Fran√ßaise;France;Universit√© (Licence);Oui;Non;Fran√ßais;Anglais;Allemand;;;Langue 1;avant 3ans;4ans-18ans;4ans-18ans;;;Langue 1;Langue 1;Langue 1;Langue 1;Langue 1;Langue 1;Langue 1;Langue 1;Langue 2;Langue 1;Souvent				;Parfois				;Parfois				;Au travail ou √† l'√©cole,Avec des amis,Sur les r√©seaux sociaux;Pour mieux exprimer une id√©e,Parce que certains mots ou expressions sont plus faciles dans une autre langue;Oui (donnez un exemple);;oui;non;non;;;;;;;;;;;;
2024-11-27 17:20:28;2024-11-27 17:32:01;IP Address;154.121.111.109;100;693;True;2024-11-27 17:32:02;R_8Dw2NiqflDQgLYX;;;;;36.7405;3.1159;anonymous;FR;Plus de 55 ans;Homme;Alg√©rienne;Alg√©rie;Universit√© (Licence);Oui;Oui;Fran√ßais;Arabe;Anglais;Russe;Kabyle;Langue 5;4ans-18ans;4ans-18ans;18ans-25ans;18ans-25ans;avant 3ans;Langue 5;Langue 5;Langue 1;Langue 2;Langue 2;Langue 1;Langue 1;Langue 1;Langue 1;Langue 5;Souvent				;Tr√®s souvent				;Souvent				;Au travail ou √† l'√©cole,Avec des amis;Pour √™tre compris;Non;;;non;non;Non;Oui;Non;Non;Non;Non;Oui;Non;;Plut√¥t confortable;Bonne;
2024-11-27 17:25:02;2024-11-27 17:33:42;IP Address;80.214.210.102;100;520;True;2024-11-27 17:33:43;R_2oLx3FZ3a4rDd1E;;;;;45.748;4.85;anonymous;FR;18-25 ans;Femme;Alg√©rienne;France;Universit√© (Licence);Oui;Oui;Fran√ßais;Arabe;Anglais;Allemand;Dialecte alg√©rien;Langue 1;avant 3ans;4ans-18ans;4ans-18ans;18ans-25ans;avant 3ans;Langue 1,Langue 5;Langue 1,Langue 5;Langue 5;Langue 1;Langue 1;Langue 1;Langue 1;Langue 1;Langue 1;Langue 1;Tr√®s souvent				;Tr√®s souvent				;Tr√®s souvent				;√Ä la maison,Au travail ou √† l'√©cole,Avec des amis,Sur les r√©seaux sociaux;Pour mieux exprimer une id√©e,Par habitude,Parce que certains mots ou expressions sont plus faciles dans une autre langue;Oui (donnez un exemple);Switch;oui;oui;oui;Oui;Oui;Oui;Oui;Non;Oui;Oui;Oui (Veuillez fournir des exemples);¬´¬†Cousina¬†¬ª;Ni confortable, ni inconfortable;Excellente;
2024-11-27 17:36:50;2024-11-27 17:40:52;IP Address;193.248.151.136;100;241;True;2024-11-27 17:40:53;R_8kZJ1yrSLzrA1wg;;;;;48.1119;-1.48;anonymous;FR;18-25 ans;Femme;Alg√©rienne;France;Universit√© (Licence);Oui;Oui;Dialecte alg√©rien;Fran√ßais;Arabe;Anglais;;;avant 3ans;avant 3ans;avant 3ans;4ans-18ans;;Langue 1;Langue 1,Langue 2;Langue 1;Langue 2;Langue 2;Langue 2;Langue 2;Langue 2;Langue 1;Langue 2;Souvent				;Souvent				;Tr√®s souvent				;√Ä la maison,Avec des amis,Sur les r√©seaux sociaux;Pour mieux exprimer une id√©e,Par habitude,Parce que certains mots ou expressions sont plus faciles dans une autre langue;Oui (donnez un exemple);Anyway , by the way ;oui;non;oui;Oui;Oui;Oui;Non;Non;Oui;Oui;;;Ni confortable, ni inconfortable;Moyenne;Courage Pour le projet 
2024-11-27 17:43:34;2024-11-27 17:45:05;IP Address;77.136.66.200;100;90;True;2024-11-27 17:45:05;R_2CH9oFvxDGGMFjA;;;;;48.8323;2.4075;anonymous;FR;18-25 ans;Femme;Fran√ßaise;France;Universit√© (Licence);Non;;;;;;;;;;;;;;;;;;;;;;;;;;;;;;;;;;;;;;;;;;;;
2024-11-27 17:38:02;2024-11-27 17:45:23;IP Address;37.66.239.46;100;441;True;2024-11-27 17:45:24;R_2M9IGsOc8MzODWW;;;;;43.6107;3.8809;anonymous;FR;18-25 ans;Homme;Alg√©rienne;France;Universit√© (Licence);Oui;Oui;Fran√ßais;Arabe;Anglais;Russe;Dialecte alg√©rien;Langue 2;avant 3ans;avant 3ans;4ans-18ans;4ans-18ans;avant 3ans;Langue 5;Langue 1,Langue 2,Langue 5;Langue 5;Langue 1;Langue 1;Langue 1;Langue 1;Langue 1;Langue 1;Langue 1;Parfois				;Parfois				;Souvent				;√Ä la maison,Avec des amis;Par habitude,Parce que certains mots ou expressions sont plus faciles dans une autre langue;Oui (donnez un exemple);Je l'ai kill;oui;non;oui;Oui;Oui;Oui;Oui;Oui;Oui;Oui;Oui (Veuillez fournir des exemples);Des insultes en alg√©rien ;Extr√™mement confortable;Bonne;Force
2024-11-27 17:42:47;2024-11-27 17:48:14;IP Address;77.136.66.130;100;326;True;2024-11-27 17:48:14;R_8HzFNDnKre9ascY;;;;;48.8323;2.4075;anonymous;FR;18-25 ans;Femme;Fran√ßaise;France;Universit√© (Licence);Oui;Non;Fran√ßais;Anglais;Langue des signes Fran√ßaise;;;Langue 1;avant 3ans;4ans-18ans;4ans-18ans;;;Langue 1;Langue 1;Langue 1;Langue 1;Langue 1;Langue 1;Langue 1;Langue 1;Langue 1;Langue 1;Souvent				;Tr√®s souvent				;Souvent				;Avec des amis,Sur les r√©seaux sociaux;Pour mieux exprimer une id√©e,Par habitude,Parce que certains mots ou expressions sont plus faciles dans une autre langue;Oui (donnez un exemple);I guess;oui;non;non;;;;;;;;;;;;J‚Äôavoue jai un peu troll la lsf je sais dire que les animaux 
2024-11-27 17:47:50;2024-11-27 17:50:28;IP Address;104.28.248.23;100;158;True;2024-11-27 17:50:29;R_8RUNSE771jiaJLz;;;;;49.4429;1.1003;anonymous;FR;18-25 ans;Femme;Fran√ßaise;France;Universit√© (Licence);Oui;Non;Fran√ßais;Langue des signes Fran√ßaise;Anglais;;;Langue 2;avant 3ans;avant 3ans;4ans-18ans;;;Langue 2;Langue 2;Langue 2;Langue 1;Langue 1;Langue 1;Langue 1;Langue 1;Langue 1;Langue 1;Parfois				;Parfois				;Souvent				;Au travail ou √† l'√©cole,Avec des amis;Pour mieux exprimer une id√©e,Par habitude,Parce que certains mots ou expressions sont plus faciles dans une autre langue;Oui (donnez un exemple);;oui;oui;oui;;;;;;;;;;;;
2024-11-27 17:48:05;2024-11-27 17:50:39;IP Address;92.184.118.202;100;154;True;2024-11-27 17:50:40;R_8Hq7Dk6AH9cISCI;;;;;48.8323;2.4075;anonymous;FR;18-25 ans;Homme;Fran√ßaise;France;Universit√© (Licence);Oui;Non;Anglais;Fran√ßais;Allemand;;;Langue 2;4ans-18ans;avant 3ans;4ans-18ans;;;Langue 2;Langue 2;Langue 2;Langue 2;Langue 2;Langue 2;Langue 2;Langue 2;Langue 2;Langue 2;Tr√®s souvent				;Parfois				;Parfois				;Au travail ou √† l'√©cole,Sur les r√©seaux sociaux;Pour mieux exprimer une id√©e,Pour √™tre compris,Parce que certains mots ou expressions sont plus faciles dans une autre langue;Oui (donnez un exemple);"'-ish ; core ";oui;non;oui;;;;;;;;;;;;
2024-11-27 17:41:48;2024-11-27 17:53:06;IP Address;142.118.19.60;100;677;True;2024-11-27 17:53:06;R_1D8cqMNMv6gYIaB;;;;;45.5178;-73.6046;anonymous;FR;18-25 ans;Homme;Alg√©rienne;Canada ;Universit√© (Licence);Oui;Oui;Fran√ßais;Dialecte alg√©rien;Anglais;;;Langue 1;avant 3ans;4ans-18ans;4ans-18ans;;;Langue 1;Langue 1;Langue 1;Langue 1;Langue 1;Langue 1;Langue 1;Langue 1;Langue 1;Langue 1;Parfois				;Rarement				;Rarement				;√Ä la maison,Avec des amis;Pour mieux exprimer une id√©e,Parce que certains mots ou expressions sont plus faciles dans une autre langue;Oui (donnez un exemple);feeling ;oui;non;oui;Non;Oui;Oui;Non;Non;Oui;Oui;Oui (Veuillez fournir des exemples);weshbik - khatik - sa7;Ni confortable, ni inconfortable;Bonne;Les exemples (expressions/mots) me sont pas venus mais voil√† √ßa appara√Æt au milieu d‚Äôune discussion spontan√©ment quand on sait que l‚Äôautre personne va comprendre.
2024-11-27 17:54:42;2024-11-27 18:00:50;IP Address;152.71.207.141;100;368;True;2024-11-27 18:00:51;R_2am183Qp38UVmkg;;;;;52.9538;-1.1571;anonymous;FR;18-25 ans;Femme;Alg√©rienne;Royaume-Uni;Universit√© (Licence);Oui;Oui;Anglais;Fran√ßais;Dialecte alg√©rien;;;Langue 2;4ans-18ans;avant 3ans;4ans-18ans;;;Langue 2;Langue 2;Langue 2;Langue 1;Langue 1;Langue 1;Langue 1;Langue 1;Langue 2;Langue 2;Tr√®s souvent				;Tr√®s souvent				;Souvent				;Avec des amis,Sur les r√©seaux sociaux;Par habitude,Parce que certains mots ou expressions sont plus faciles dans une autre langue;Non;;oui;non;oui;Oui;Oui;Oui;Oui;Oui;Oui;Oui;Oui (Veuillez fournir des exemples);Je n‚Äôai pas d‚Äôexemple pr√©cis, mais g√©n√©ralement je trouve plus utile d‚Äôutiliser l‚ÄôAnglaispour expliquer des id√©es sp√©cifiques √† mon quotidien vu que je vis en Angleterre ;Plut√¥t confortable;Bonne;Non, mais bonne chance Safia you‚Äôre going to ace this wishing u the best üí™üèºüí™üèºüí™üèº
2024-11-27 17:58:36;2024-11-27 18:03:16;IP Address;176.188.170.221;100;280;True;2024-11-27 18:03:16;R_8JIwcFzgMDedcw2;;;;;48.8673;2.421;anonymous;FR;26-35 ans;Homme;Marocaine;France;Universit√© (Master/Doctorat);Oui;;Arabe;Fran√ßais;Anglais;Dialecte alg√©rien;;Langue 1;avant 3ans;4ans-18ans;4ans-18ans;avant 3ans;;Langue 4;;Langue 4;Langue 4;Langue 2;Langue 2;Langue 2;Langue 2;Langue 4;Langue 4;Parfois				;Rarement				;Rarement				;Avec des amis,Sur les r√©seaux sociaux;Pour mieux exprimer une id√©e,Pour √™tre compris;Oui (donnez un exemple);Forever, together;oui;non;oui;;;;;;;;;;;;
2024-11-27 18:04:59;2024-11-27 18:09:42;IP Address;173.206.155.28;100;282;True;2024-11-27 18:09:42;R_6eF4Tk0ycRdPHff;;;;;45.4995;-73.5848;anonymous;FR;18-25 ans;Femme;Alg√©rienne;Canada ;Universit√© (Licence);Oui;Oui;Dialecte alg√©rien;Anglais;Fran√ßais;;;Langue 3;avant 3ans;4ans-18ans;avant 3ans;;;Langue 1,Langue 3;Langue 1,Langue 3;Langue 3;Langue 3;Langue 1;Langue 3;Langue 3;Langue 3;Langue 3;Langue 3;Tr√®s souvent				;Tr√®s souvent				;Tr√®s souvent				;√Ä la maison,Avec des amis;Pour mieux exprimer une id√©e,Pour √™tre compris,Parce que certains mots ou expressions sont plus faciles dans une autre langue;Oui (donnez un exemple);;oui;non;oui;Oui;Oui;Oui;Non;Oui;Oui;Oui;Oui (Veuillez fournir des exemples);;Plut√¥t confortable;Bonne;
2024-11-27 18:04:13;2024-11-27 18:10:05;IP Address;46.193.0.163;100;352;True;2024-11-27 18:10:06;R_8MNcwoeBl1h8RZ4;;;;;49.4943;0.1018;anonymous;FR;18-25 ans;Homme;Fran√ßaise;France;Universit√© (Master/Doctorat);Oui;Non;Fran√ßais;Turc;Anglais;;;Langue 2;4ans-18ans;avant 3ans;4ans-18ans;;;Langue 2;Langue 2;Langue 2;Langue 1;Langue 1;Langue 1;Langue 1;Langue 1;Langue 1;Langue 1;Rarement				;Rarement				;Souvent				;√Ä la maison;Pour mieux exprimer une id√©e,Par habitude,Pour √™tre compris,Parce que certains mots ou expressions sont plus faciles dans une autre langue;Non;;oui;non;oui;;;;;;;;;;;;
2024-11-27 18:14:11;2024-11-27 18:18:39;IP Address;46.193.0.163;100;268;True;2024-11-27 18:18:40;R_2dGWuli1WTMBZzI;;;;;49.4943;0.1018;anonymous;FR;18-25 ans;Homme;Fran√ßaise;France;Universit√© (Master/Doctorat);Oui;Non;Fran√ßais;Anglais;Dialecte alg√©rien;;;Langue 1;avant 3ans;4ans-18ans;avant 3ans;;;Langue 1,Langue 3;Langue 1;Langue 1;Langue 2;Langue 1;Langue 1;Langue 2;Langue 2;Langue 1;Langue 1;Souvent				;Souvent				;Parfois				;Avec des amis;Pour mieux exprimer une id√©e,Par habitude,Pour √™tre compris,Parce que certains mots ou expressions sont plus faciles dans une autre langue;Oui (donnez un exemple);Attendance, zehma, khemem ;oui;non;oui;;;;;;;;;;;;
2024-11-27 18:17:06;2024-11-27 18:23:13;IP Address;46.193.0.163;100;366;True;2024-11-27 18:23:13;R_2IXyrcvtwj9TYzE;;;;;49.4943;0.1018;anonymous;FR;18-25 ans;Femme;Fran√ßaise;France;Universit√© (Master/Doctorat);Oui;Oui;Fran√ßais;Anglais;Arabe;Dialecte alg√©rien;;;avant 3ans;avant 3ans;18ans-25ans;avant 3ans;;Langue 1,Langue 4;Langue 1,Langue 4;Langue 4;Langue 1;Langue 1;Langue 1;Langue 2;Langue 1;Langue 2;Langue 1;Parfois				;Souvent				;Souvent				;√Ä la maison,Au travail ou √† l'√©cole,Avec des amis,Sur les r√©seaux sociaux;Parce que certains mots ou expressions sont plus faciles dans une autre langue;Oui (donnez un exemple);Call, business,brainstorming ;oui;non;oui;Oui;Oui;Oui;Oui;Oui;Oui;Oui;Non;;Plut√¥t inconfortable;Moyenne;
2024-11-27 18:20:00;2024-11-27 18:23:44;IP Address;80.214.212.129;100;223;True;2024-11-27 18:23:45;R_2rldtP8HsiOrscK;;;;;45.748;4.85;anonymous;FR;18-25 ans;Femme;Alg√©rienne;France;Universit√© (Licence);Oui;Oui;Fran√ßais;Arabe;Anglais;Dialecte alg√©rien;;Langue 2;avant 3ans;avant 3ans;4ans-18ans;avant 3ans;;Langue 1,Langue 4;Langue 1,Langue 2,Langue 4;Langue 4;Langue 1;Langue 1;Langue 1;Langue 1;Langue 1;Langue 1;Langue 1;Souvent				;Tr√®s souvent				;Tr√®s souvent				;√Ä la maison,Avec des amis,Sur les r√©seaux sociaux;Pour mieux exprimer une id√©e,Par habitude,Pour √™tre compris,Parce que certains mots ou expressions sont plus faciles dans une autre langue;Non;;oui;non;oui;Non;Oui;Oui;Oui;Non;Oui;Oui;Non;;Ni confortable, ni inconfortable;Excellente;
2024-11-27 18:08:33;2024-11-27 18:24:10;IP Address;85.12.130.7;100;936;True;2024-11-27 18:24:10;R_2snnJtZIIT4AVxd;;;;;48.8323;2.4075;anonymous;FR;18-25 ans;Femme;Fran√ßaise;France;Universit√© (Licence);Oui;Non;Fran√ßais;Anglais;Espagnol;Italien;;Langue 1;avant 3ans;4ans-18ans;4ans-18ans;18ans-25ans;;Langue 1;Langue 1;Langue 1;Langue 1;Langue 1;Langue 1;Langue 1;Langue 1;Langue 1;Langue 1;Souvent				;Parfois				;Souvent				;Avec des amis,Sur les r√©seaux sociaux;Pour mieux exprimer une id√©e,Par habitude,Pour √™tre compris,Parce que certains mots ou expressions sont plus faciles dans une autre langue;Oui (donnez un exemple);I mean, girl;oui;oui;non;;;;;;;;;;;;
2024-11-27 18:19:39;2024-11-27 18:24:20;IP Address;93.22.148.51;100;280;True;2024-11-27 18:24:21;R_2rvjvqyMqusVKPY;;;;;48.8323;2.4075;anonymous;FR;18-25 ans;Femme;Espagnole;France;Universit√© (Licence);Oui;Oui;Espagnol;Catalan;Dialecte alg√©rien;Fran√ßais;Anglais;Langue 2;avant 3ans;avant 3ans;avant 3ans;4ans-18ans;4ans-18ans;Langue 3,Langue 4;Langue 3;Langue 3;Langue 4;Langue 4;Langue 4;Langue 4;Langue 1;Langue 2;Langue 2;Souvent				;Parfois				;Rarement				;√Ä la maison,Avec des amis;Pour mieux exprimer une id√©e,Parce que certains mots ou expressions sont plus faciles dans une autre langue;Oui (donnez un exemple);"""lyc√©e""";oui;oui;oui;Non;Oui;Oui;Non;Non;Oui;Oui;Oui (Veuillez fournir des exemples);"""du coup"" ""pero entonces"" ""la vache"" ""collons""";Plut√¥t inconfortable;Moyenne;
2024-11-27 18:27:23;2024-11-27 18:30:32;IP Address;160.5.250.82;100;189;True;2024-11-27 18:30:33;R_2zN2dwL3GyFARnK;;;;;53.0169;-2.2369;anonymous;FR;18-25 ans;Homme;Fran√ßaise;Royaume-Uni;Universit√© (Licence);Oui;Non;Anglais;Fran√ßais;;;;Langue 2;avant 3ans;;;;;Langue 1;;Langue 1;Langue 1;Langue 1;Langue 1;Langue 2;Langue 1;Langue 1;Langue 2;Tr√®s souvent				;Tr√®s souvent				;Souvent				;√Ä la maison;Parce que certains mots ou expressions sont plus faciles dans une autre langue;Non;;oui;oui;oui;;;;;;;;;;;;Tout marche bien
2024-11-27 18:50:42;2024-11-27 18:54:55;IP Address;91.167.95.199;100;253;True;2024-11-27 18:54:56;R_84BL2t2PL8vJlAx;;;;;48.9065;2.2483;anonymous;FR;18-25 ans;Femme;Fran√ßaise;France;Universit√© (Licence);Oui;Oui;Anglais;Fran√ßais;Arabe;Dialecte alg√©rien;Kabyle;Langue 1;avant 3ans;4ans-18ans;4ans-18ans;4ans-18ans;avant 3ans;Langue 1,Langue 2,Langue 3,Langue 4,Langue 5;Langue 1,Langue 2,Langue 3,Langue 4,Langue 5;Langue 1;Langue 1;Langue 2;Langue 2;Langue 2;Langue 2;Langue 1;Langue 1;Souvent				;Souvent				;Souvent				;√Ä la maison,Avec des amis,Sur les r√©seaux sociaux;Pour mieux exprimer une id√©e,Par habitude,Pour √™tre compris,Parce que certains mots ou expressions sont plus faciles dans une autre langue;Oui (donnez un exemple);kima now ga3;oui;oui;oui;Non;Oui;Oui;Oui;Oui;Oui;Oui;Non;;Extr√™mement confortable;Excellente;
2024-11-27 18:56:39;2024-11-27 19:02:00;IP Address;77.136.67.10;100;320;True;2024-11-27 19:02:01;R_2c1uMY6z1mIBDbE;;;;;48.8323;2.4075;anonymous;FR;18-25 ans;Femme;Fran√ßaise;France;Universit√© (Licence);Oui;Oui;Dialecte alg√©rien;Anglais;Espagnol;Fran√ßais;;Langue 4;avant 3ans;4ans-18ans;4ans-18ans;avant 3ans;;Langue 1,Langue 4;Langue 1,Langue 4;Langue 1;Langue 4;Langue 4;Langue 4;Langue 2;Langue 4;Langue 4;Langue 4;Tr√®s souvent				;Tr√®s souvent				;Tr√®s souvent				;√Ä la maison,Avec des amis,Sur les r√©seaux sociaux;Pour mieux exprimer une id√©e,Par habitude,Pour montrer une certaine identit√© culturelle,Parce que certains mots ou expressions sont plus faciles dans une autre langue;Oui (donnez un exemple);as you should  ;oui;oui;oui;Oui;Oui;Oui;Oui;Oui;Oui;Oui;Oui (Veuillez fournir des exemples);;Plut√¥t confortable;Moyenne;
2024-11-27 18:19:24;2024-11-27 19:09:33;IP Address;92.184.118.101;100;3009;True;2024-11-27 19:09:35;R_2dQO1oTipQJ1bZN;;;;;48.8323;2.4075;anonymous;FR;18-25 ans;Femme;Fran√ßaise;France;Universit√© (Licence);Oui;Non;Fran√ßais;Anglais;Espagnol;;;Langue 1;avant 3ans;4ans-18ans;4ans-18ans;;;Langue 1;Langue 1;Langue 1;Langue 1;Langue 1;Langue 1;Langue 1;Langue 1;Langue 1;Langue 1;Parfois				;Rarement				;Jamais;Au travail ou √† l'√©cole,Avec des amis,Sur les r√©seaux sociaux;Pour mieux exprimer une id√©e,Pour √™tre compris,Pour montrer une certaine identit√© culturelle,Parce que certains mots ou expressions sont plus faciles dans une autre langue;Oui (donnez un exemple);Alright;oui;non;non;;;;;;;;;;;;
2024-11-27 19:04:13;2024-11-27 19:12:30;IP Address;105.98.38.68;100;497;True;2024-11-27 19:12:31;R_2BOyfwK436oLFZv;;;;;36.7405;3.1159;anonymous;FR;18-25 ans;Femme;Fran√ßaise;Alg√©rie;Lyc√©e;Oui;Oui;Fran√ßais;Anglais;Tagalog;Cebuano dialecte philippin;;Langue 4;4ans-18ans;avant 3ans;avant 3ans;avant 3ans;;Langue 1,Langue 4;Langue 1,Langue 4;Langue 1;Langue 1;Langue 1;Langue 1;Langue 1;Langue 1;Langue 2;Langue 2;Souvent				;Tr√®s souvent				;Tr√®s souvent				;√Ä la maison,Sur les r√©seaux sociaux;Pour mieux exprimer une id√©e,Par habitude,Pour √™tre compris,Parce que certains mots ou expressions sont plus faciles dans une autre langue;;;oui;non;oui;Oui;Oui;Oui;Oui;Non;Oui;Oui;Non;;Ni confortable, ni inconfortable;Bonne;
2024-11-27 19:22:29;2024-11-27 19:23:10;IP Address;178.157.33.59;100;41;True;2024-11-27 19:23:10;R_8GUZlu2la2512iu;;;;;48.8582;2.3387;anonymous;FR;18-25 ans;Femme;Fran√ßaise;France;Universit√© (Licence);Non;;;;;;;;;;;;;;;;;;;;;;;;;;;;;;;;;;;;;;;;;;;;
2024-11-27 19:23:37;2024-11-27 19:26:32;IP Address;178.157.33.59;100;175;True;2024-11-27 19:26:33;R_8ebmofqtZFfR2TU;;;;;48.8582;2.3387;anonymous;FR;18-25 ans;Femme;Fran√ßaise;France;Universit√© (Licence);Oui;Non;Fran√ßais;Anglais;Allemand;Italien;Russe;Langue 1;avant 3ans;4ans-18ans;4ans-18ans;4ans-18ans;18ans-25ans;Langue 1;Langue 1;Langue 1;Langue 1;Langue 1;Langue 1;Langue 1;Langue 1;Langue 1;Langue 1;Parfois				;Rarement				;Jamais;Avec des amis;Pour mieux exprimer une id√©e;Oui (donnez un exemple);Cringe;oui;non;oui;;;;;;;;;;;;
2024-11-27 19:25:26;2024-11-27 19:35:04;IP Address;197.204.94.144;100;577;True;2024-11-27 19:35:04;R_2hjF14sTHfdZgNH;;;;;36.7377;3.0839;anonymous;FR;Moins de 18 ans;Femme;Alg√©rienne;Alg√©rie;Lyc√©e;Oui;Oui;Arabe;Anglais;Fran√ßais;Dialecte alg√©rien;;;avant 3ans;4ans-18ans;4ans-18ans;avant 3ans;;Langue 1,Langue 3,Langue 4;Langue 1,Langue 3,Langue 4;Langue 4;Langue 3;Langue 4;Langue 3;Langue 3;Langue 2;Langue 2;Langue 3;Tr√®s souvent				;Tr√®s souvent				;Souvent				;√Ä la maison,Au travail ou √† l'√©cole,Avec des amis;Pour mieux exprimer une id√©e,Par habitude,Parce que certains mots ou expressions sont plus faciles dans une autre langue;Oui (donnez un exemple);happy ;oui;non;oui;Oui;Non;Oui;Oui;Oui;Oui;Oui;Oui (Veuillez fournir des exemples);hmar;Plut√¥t confortable;Bonne;soyez vous m√™me, c est le plus important 
2024-11-27 19:36:31;2024-11-27 19:46:44;IP Address;105.98.11.223;100;613;True;2024-11-27 19:46:45;R_8NJJieOE4dW4d9v;;;;;36.7405;3.1159;anonymous;FR;Moins de 18 ans;Femme;Alg√©rienne;Alg√©rie;Lyc√©e;Oui;Oui;Dialecte alg√©rien;Fran√ßais;Anglais;Arabe;;Langue 1;4ans-18ans;avant 3ans;4ans-18ans;4ans-18ans;avant 3ans;Langue 2;Langue 2;Langue 2;Langue 2;Langue 2;Langue 2;Langue 2;Langue 2;Langue 2;Langue 2;Tr√®s souvent				;Tr√®s souvent				;Parfois				;√Ä la maison,Au travail ou √† l'√©cole,Avec des amis,Sur les r√©seaux sociaux,Lors des achats ou au march√©;Par habitude,Parce que certains mots ou expressions sont plus faciles dans une autre langue;Oui (donnez un exemple);franglish ‚úã;oui;non;oui;Oui;Oui;Oui;Oui;Non;Oui;Oui;Oui (Veuillez fournir des exemples);andi djedi w mat;Ni confortable, ni inconfortable;Bonne;
2024-11-27 19:44:24;2024-11-27 19:55:49;IP Address;77.128.85.95;100;685;True;2024-11-27 19:55:50;R_8WjgskpbkSH6UPn;;;;;50.624;3.0511;anonymous;FR;18-25 ans;Femme;Alg√©rienne;France;Universit√© (Licence);Oui;Oui;Arabe;Dialecte alg√©rien;Fran√ßais;Kabyle;;Langue 2;4ans-18ans;avant 3ans;4ans-18ans;4ans-18ans;;Langue 2;Langue 2;Langue 2;Langue 3;Langue 3;Langue 3;Langue 3;Langue 2;Langue 2;Langue 2;Tr√®s souvent				;Tr√®s souvent				;Tr√®s souvent				;√Ä la maison,Avec des amis,Sur les r√©seaux sociaux;Pour mieux exprimer une id√©e,Par habitude,Parce que certains mots ou expressions sont plus faciles dans une autre langue;Oui (donnez un exemple);Lala;oui;non;oui;Non;Oui;Oui;Oui;Non;Oui;Oui;Oui (Veuillez fournir des exemples);;Plut√¥t confortable;Bonne;
2024-11-27 20:08:43;2024-11-27 20:13:20;IP Address;37.170.151.113;100;277;True;2024-11-27 20:13:21;R_8f0Lv1bNsCBC4Oj;;;;;48.8582;2.3387;anonymous;FR;18-25 ans;Femme;Alg√©rienne;France;Universit√© (Licence);Oui;Oui;Dialecte alg√©rien;Kabyle;Fran√ßais;Anglais;;Langue 2;4ans-18ans;4ans-18ans;avant 3ans;4ans-18ans;;Langue 1,Langue 2,Langue 3;Langue 1,Langue 2,Langue 3;Langue 2;Langue 3;Langue 3;Langue 3;Langue 3;Langue 3;Langue 3;Langue 3;Souvent				;Souvent				;Parfois				;√Ä la maison,Au travail ou √† l'√©cole,Avec des amis,Sur les r√©seaux sociaux;Par habitude;Non;;oui;non;non;Oui;Oui;Oui;Non;Oui;Oui;Non;Non;;Ni confortable, ni inconfortable;Bonne;
2024-11-27 20:15:37;2024-11-27 20:18:41;IP Address;142.169.16.159;100;183;True;2024-11-27 20:18:41;R_3YamCaONXZTiU5l;;;;;45.4446;-75.6385;anonymous;FR;Moins de 18 ans;Homme;Alg√©rienne;Canada ;Lyc√©e;Oui;Oui;Fran√ßais;Fran√ßais;Arabe;;;;avant 3ans;4ans-18ans;4ans-18ans;;;Langue 1;;Langue 1;;Langue 1;Langue 1;Langue 1;Langue 1;Langue 1;;;;;√Ä la maison,Au travail ou √† l'√©cole,Avec des amis,Lors des activit√©s administratives,Sur les r√©seaux sociaux,Lors des achats ou au march√©;Pour mieux exprimer une id√©e,Pour √™tre compris;Oui (donnez un exemple);;oui;non;non;Oui;Oui;Non;;Oui;Non;Oui;Non;;Extr√™mement confortable;Moyenne;
2024-11-27 20:34:13;2024-11-27 20:38:47;IP Address;91.165.42.164;100;274;True;2024-11-27 20:38:48;R_2kXixZr2hP1aas2;;;;;43.654;3.932;anonymous;FR;18-25 ans;Femme;Alg√©rienne;France;Universit√© (Licence);Oui;Oui;Fran√ßais;Anglais;Arabe;Dialecte alg√©rien;;Langue 1;avant 3ans;4ans-18ans;4ans-18ans;avant 3ans;;Langue 1,Langue 4;Langue 1,Langue 4;Langue 1;Langue 1;Langue 1;Langue 1;Langue 1;Langue 1;Langue 2;Langue 2;Tr√®s souvent				;Tr√®s souvent				;Tr√®s souvent				;√Ä la maison,Avec des amis,Sur les r√©seaux sociaux;Pour mieux exprimer une id√©e,Pour √™tre compris;Oui (donnez un exemple);¬†triggered¬†;oui;non;oui;Oui;Oui;Oui;Oui;Oui;Oui;Oui;Oui (Veuillez fournir des exemples);¬´¬†inek mizanek¬†¬ª :);Plut√¥t inconfortable;Bonne;
2024-11-27 20:34:24;2024-11-27 20:42:09;IP Address;82.216.204.37;100;465;True;2024-11-27 20:42:10;R_2G8mzlArR38v4Ks;;;;;48.8323;2.4075;anonymous;FR;18-25 ans;Femme;Marocaine;France;Universit√© (Licence);Oui;Oui;Fran√ßais;Arabe;Anglais;Dialecte marocain;;Langue 2;avant 3ans;4ans-18ans;4ans-18ans;4ans-18ans;;Langue 1,Langue 4;Langue 1,Langue 4;Langue 1;Langue 1;Langue 1;Langue 1;Langue 1;Langue 1;Langue 1;Langue 1;Parfois				;Souvent				;Parfois				;√Ä la maison;Parce que certains mots ou expressions sont plus faciles dans une autre langue;Oui (donnez un exemple);Yes;oui;non;oui;Non;Oui;Oui;Non;Oui;Oui;Oui;Oui (Veuillez fournir des exemples);;Ni confortable, ni inconfortable;Bonne;
2024-11-27 20:39:19;2024-11-27 20:43:00;IP Address;185.13.107.86;100;220;True;2024-11-27 20:43:01;R_8E6n6pdoUsr8mWZ;;;;;48.8611;2.3269;anonymous;FR;18-25 ans;Homme;Alg√©rienne;France;Universit√© (Licence);Oui;;Dialecte alg√©rien;Arabe;Fran√ßais;Anglais;;Langue 1;avant 3ans;4ans-18ans;4ans-18ans;4ans-18ans;;Langue 1;Langue 1;Langue 1;Langue 3;Langue 3;Langue 3;Langue 3;Langue 3;Langue 1;Langue 1;Souvent				;Parfois				;Souvent				;√Ä la maison,Avec des amis,Sur les r√©seaux sociaux;Pour mieux exprimer une id√©e,Par habitude,Parce que certains mots ou expressions sont plus faciles dans une autre langue;Oui (donnez un exemple);My bad;oui;non;oui;;;;;;;;;;;;
2024-11-27 21:19:43;2024-11-27 21:25:28;IP Address;81.249.162.99;100;345;True;2024-11-27 21:25:30;R_2nC74EwvPbQgd1K;;;;;48.8323;2.4075;anonymous;FR;18-25 ans;Femme;Alg√©rienne;France;Universit√© (Licence);Oui;Oui;Fran√ßais;Arabe;Anglais;Dialecte alg√©rien;;Langue 4;avant 3ans;4ans-18ans;4ans-18ans;avant 3ans;;Langue 1,Langue 4;Langue 1,Langue 4;Langue 1;Langue 1;Langue 1;Langue 1;Langue 1;Langue 1;Langue 1;Langue 1;Tr√®s souvent				;Tr√®s souvent				;Tr√®s souvent				;√Ä la maison,Au travail ou √† l'√©cole,Avec des amis;Pour mieux exprimer une id√©e,Pour montrer une certaine identit√© culturelle,Parce que certains mots ou expressions sont plus faciles dans une autre langue;Oui (donnez un exemple);Tf;oui;non;oui;Oui;Oui;Oui;Oui;Non;Oui;Oui;Oui (Veuillez fournir des exemples);Jsp;Extr√™mement confortable;Bonne;
2024-11-27 21:23:34;2024-11-27 21:31:49;IP Address;78.246.195.34;100;495;True;2024-11-27 21:31:50;R_87JbCydgKUXamjI;;;;;48.8582;2.3387;anonymous;FR;18-25 ans;Femme;Fran√ßaise;France;Universit√© (Licence);Oui;Non;Fran√ßais;Anglais;Espagnol;Mandarin;;Langue 1;avant 3ans;4ans-18ans;4ans-18ans;18ans-25ans;;Langue 1;Langue 1;Langue 1;Langue 1;Langue 1;Langue 1;Langue 1;Langue 1;Langue 1;Langue 1;Parfois				;Rarement				;Jamais;√Ä la maison;Parce que certains mots ou expressions sont plus faciles dans une autre langue;Oui (donnez un exemple);hylighter, blush, eyeliner;non;non;oui;;;;;;;;;;;;
2024-11-27 21:49:29;2024-11-27 21:50:02;IP Address;77.136.66.138;100;33;True;2024-11-27 21:50:03;R_22EEKysgD17uzlr;;;;;48.8323;2.4075;anonymous;FR;18-25 ans;Femme;Fran√ßaise;France;Universit√© (Licence);Non;;;;;;;;;;;;;;;;;;;;;;;;;;;;;;;;;;;;;;;;;;;;
2024-11-27 21:58:14;2024-11-27 22:10:55;IP Address;92.184.104.236;100;761;True;2024-11-27 22:10:56;R_8hRvwZBRdHycpny;;;;;48.8582;2.3387;anonymous;FR;18-25 ans;Femme;Fran√ßaise;France;Universit√© (Licence);Oui;Non;Fran√ßais;Anglais;;;;Langue 1;avant 3ans;4ans-18ans;;;;Langue 1;Langue 1;Langue 1;Langue 1;Langue 1;;Langue 1;Langue 1;Langue 1;Langue 2;Tr√®s souvent				;Tr√®s souvent				;Tr√®s souvent				;√Ä la maison,Au travail ou √† l'√©cole,Avec des amis,Sur les r√©seaux sociaux;Pour mieux exprimer une id√©e,Pour √™tre compris,Parce que certains mots ou expressions sont plus faciles dans une autre langue;Oui (donnez un exemple);out of my mind¬†;oui;non;oui;;;;;;;;;;;;
2024-11-27 22:10:33;2024-11-27 22:12:31;IP Address;86.247.154.18;100;117;True;2024-11-27 22:12:32;R_2JQHi9ceVNAk7a8;;;;;48.8323;2.4075;anonymous;FR;18-25 ans;Homme;Fran√ßaise;France;Universit√© (Licence);Non;;;;;;;;;;;;;;;;;;;;;;;;;;;;;;;;;;;;;;;;;;;;
2024-11-27 22:11:51;2024-11-27 22:20:55;IP Address;37.165.208.119;100;544;True;2024-11-27 22:20:56;R_2WwNH6drlHkcpaf;;;;;48.8582;2.3387;anonymous;FR;18-25 ans;Homme;Alg√©rienne;France;Universit√© (Licence);Oui;Oui;Fran√ßais;Anglais;Arabe;Dialecte alg√©rien;;;avant 3ans;4ans-18ans;avant 3ans;avant 3ans;;Langue 1,Langue 3,Langue 4;Langue 1,Langue 3,Langue 4;Langue 1;Langue 1;Langue 1;Langue 1;Langue 1;Langue 1;Langue 1;Langue 2;Tr√®s souvent				;Tr√®s souvent				;Jamais;√Ä la maison,Avec des amis,Sur les r√©seaux sociaux,Lors des achats ou au march√©;Pour mieux exprimer une id√©e,Par habitude,Pour √™tre compris,Pour montrer une certaine identit√© culturelle,Parce que certains mots ou expressions sont plus faciles dans une autre langue;;;oui;non;oui;Non;Oui;Oui;Oui;Oui;Oui;Oui;;;Extr√™mement confortable;Bonne;
2024-11-27 22:26:34;2024-11-27 22:29:24;IP Address;91.164.30.98;100;170;True;2024-11-27 22:29:25;R_8dYb3MufcxQTV4N;;;;;48.8323;2.4075;anonymous;FR;18-25 ans;Femme;Fran√ßaise;France;Universit√© (Licence);Oui;Non;Fran√ßais;Anglais;;;;Langue 1;avant 3ans;4ans-18ans;;;;Langue 1;Langue 1;Langue 1;Langue 1;Langue 1;Langue 1;Langue 1;Langue 1;Langue 1;Langue 1;Parfois				;Rarement				;Jamais;Au travail ou √† l'√©cole,Sur les r√©seaux sociaux;Pour mieux exprimer une id√©e,Pour √™tre compris,Parce que certains mots ou expressions sont plus faciles dans une autre langue;Non;;oui;non;non;;;;;;;;;;;;
2024-11-27 22:28:43;2024-11-27 22:31:14;IP Address;37.166.146.143;100;150;True;2024-11-27 22:31:14;R_8KBANxaCz6GpHtp;;;;;48.8582;2.3387;anonymous;FR;18-25 ans;Non-binaire;Fran√ßaise;France;Universit√© (Licence);Oui;Non;Fran√ßais;Anglais;Allemand;Mandarin;;Langue 1;avant 3ans;4ans-18ans;4ans-18ans;18ans-25ans;;Langue 1;Langue 1,Langue 4;Langue 1;Langue 1;Langue 1;Langue 1;Langue 1;Langue 1;Langue 1;Langue 1;Parfois				;Jamais;Jamais;Sur les r√©seaux sociaux;Pour mieux exprimer une id√©e,Par habitude,Pour √™tre compris;Oui (donnez un exemple);weekend;oui;non;oui;;;;;;;;;;;;
2024-11-27 22:23:16;2024-11-27 22:31:17;IP Address;81.249.131.138;100;480;True;2024-11-27 22:31:17;R_8Yy3V2CFaqYxwMb;;;;;48.8323;2.4075;anonymous;FR;18-25 ans;Femme;Fran√ßaise;France;Universit√© (Licence);Oui;Non;Fran√ßais;Espagnol;;;;Langue 1;avant 3ans;avant 3ans;;;;Langue 1;Langue 1,Langue 2;Langue 1;Langue 1;Langue 1;Langue 1;Langue 1;Langue 1;Langue 1;Langue 1;Parfois				;Jamais;Jamais;√Ä la maison;Par habitude;Non;;oui;non;oui;;;;;;;;;;;;
2024-11-27 23:39:16;2024-11-27 23:45:47;IP Address;41.105.199.139;100;391;True;2024-11-27 23:45:48;R_8p9LUNNvYAYFd47;;;;;36.5312;3.0698;anonymous;FR;18-25 ans;Homme;Alg√©rienne;Alg√©rie;Universit√© (Licence);Oui;Oui;Fran√ßais;Arabe;Dialecte alg√©rien;Anglais;;Langue 3;4ans-18ans;4ans-18ans;avant 3ans;4ans-18ans;;Langue 3;Langue 3;Langue 1;Langue 3;Langue 3;Langue 1;Langue 1;Langue 1;Langue 1;Langue 3;Tr√®s souvent				;Parfois				;Jamais;Avec des amis;Pour mieux exprimer une id√©e;Non;;oui;non;oui;Non;Oui;Oui;Oui;Non;Oui;Oui;Non;;Extr√™mement confortable;Bonne;
2024-11-28 01:21:39;2024-11-28 01:32:06;IP Address;88.168.50.74;100;626;True;2024-11-28 01:32:07;R_2e9j02p5xYzBPah;;;;;48.8323;2.4075;anonymous;FR;18-25 ans;Homme;Alg√©rienne;France;Universit√© (Licence);Oui;Oui;Fran√ßais;Dialecte alg√©rien;Anglais;;;Langue 2;avant 3ans;avant 3ans;4ans-18ans;;;Langue 1,Langue 2;Langue 1,Langue 2;Langue 1;Langue 1;Langue 1;Langue 1;Langue 1;Langue 1;Langue 1;Langue 1;Parfois				;Parfois				;Rarement				;√Ä la maison,Avec des amis;Par habitude,Parce que certains mots ou expressions sont plus faciles dans une autre langue;Oui (donnez un exemple);na3adin ...;oui;non;oui;Non;Oui;Oui;Non;Non;Oui;Oui;Oui (Veuillez fournir des exemples);kho ;Plut√¥t confortable;Bonne;Bon courage safia 
2024-11-28 06:56:48;2024-11-28 07:00:52;IP Address;176.137.143.204;100;244;True;2024-11-28 07:00:53;R_2BWteu8bilrpoiQ;;;;;48.8323;2.4075;anonymous;FR;18-25 ans;Femme;Fran√ßaise;France;Universit√© (Licence);Oui;Non;Fran√ßais;Anglais;;;;Langue 1;avant 3ans;4ans-18ans;;;;Langue 1;Langue 1;Langue 1;Langue 1;Langue 1;Langue 1;Langue 1;Langue 1;Langue 1;Langue 1;Souvent				;Rarement				;Jamais;Au travail ou √† l'√©cole,Avec des amis,Sur les r√©seaux sociaux;Pour mieux exprimer une id√©e,Par habitude,Pour √™tre compris,Parce que certains mots ou expressions sont plus faciles dans une autre langue;Oui (donnez un exemple);;oui;non;non;;;;;;;;;;;;
2024-11-28 07:10:12;2024-11-28 07:16:48;IP Address;105.99.246.111;100;396;True;2024-11-28 07:16:49;R_8CjNbm1mmgfYRLD;;;;;36.7517;3.1897;anonymous;FR;Moins de 18 ans;Femme;Alg√©rienne;Alg√©rie;Lyc√©e;Oui;Oui;Dialecte alg√©rien;Kabyle;Fran√ßais;Anglais;Russe;Langue 1;avant 3ans;avant 3ans;avant 3ans;4ans-18ans;4ans-18ans;Langue 1,Langue 3;Langue 1,Langue 2,Langue 3;Langue 1;Langue 3;Langue 1;Langue 1;Langue 3;Langue 3;Langue 4;Langue 4;Tr√®s souvent				;Tr√®s souvent				;Tr√®s souvent				;√Ä la maison,Au travail ou √† l'√©cole,Avec des amis,Sur les r√©seaux sociaux;Pour mieux exprimer une id√©e;Oui (donnez un exemple);Le week-end;oui;non;oui;Oui;Oui;Oui;Oui;Oui;Oui;Oui;Oui (Veuillez fournir des exemples);Izzan au lieu de caca ;Plut√¥t confortable;Bonne;
2024-11-28 11:04:31;2024-11-28 11:10:32;IP Address;80.214.223.221;100;361;True;2024-11-28 11:10:33;R_27VcQwqMkNr9MlG;;;;;45.748;4.85;anonymous;FR;18-25 ans;Homme;Fran√ßaise;France;Universit√© (Licence);Oui;Oui;Fran√ßais;Anglais;Espagnol;Mahorais;;Langue 1;avant 3ans;4ans-18ans;4ans-18ans;avant 3ans;;Langue 1;;Langue 1;Langue 1;Langue 1;Langue 1;Langue 1;Langue 1;Langue 1;Langue 1;Parfois				;Jamais;Souvent				;Avec des amis;Par habitude;Non;;oui;non;oui;Non;Oui;Oui;Non;Oui;Oui;Non;Oui (Veuillez fournir des exemples);Les insultes ;Extr√™mement inconfortable;Bonne;
2024-11-28 10:56:12;2024-11-28 11:15:35;IP Address;105.235.128.116;100;1162;True;2024-11-28 11:15:35;R_2irn2mjwoi1atz3;;;;;36.7642;3.1468;anonymous;FR;18-25 ans;Femme;Alg√©rienne;Alg√©rie;Universit√© (Licence);Oui;Oui;Arabe;Dialecte alg√©rien;Fran√ßais;Anglais;Italien;Langue 1;4ans-18ans;avant 3ans;4ans-18ans;4ans-18ans;4ans-18ans;Langue 1,Langue 2,Langue 3;Langue 1,Langue 2,Langue 3;Langue 2;Langue 3;Langue 2;Langue 3;Langue 3;Langue 2;Langue 3;Langue 2;Souvent				;Souvent				;Parfois				;√Ä la maison,Au travail ou √† l'√©cole,Avec des amis,Lors des activit√©s administratives,Sur les r√©seaux sociaux,Lors des achats ou au march√©;Pour mieux exprimer une id√©e,Par habitude,Parce que certains mots ou expressions sont plus faciles dans une autre langue;Oui (donnez un exemple);‚Äúc‚Äô√®‚Äù‚Äúreflex‚Äù;oui;non;oui;Oui;Oui;Oui;Oui;Oui;Oui;Oui;Oui (Veuillez fournir des exemples);/;Plut√¥t confortable;Bonne;Bon courage 
2024-11-28 12:35:00;2024-11-28 12:43:40;IP Address;154.121.67.189;100;520;True;2024-11-28 12:43:41;R_8ZIfQy5j0Ie0ZML;;;;;36.7642;3.1468;anonymous;FR;Moins de 18 ans;Homme;Alg√©rienne;Alg√©rie;Lyc√©e;Oui;Non;Dialecte alg√©rien;Fran√ßais;Anglais;;;Langue 1;avant 3ans;4ans-18ans;4ans-18ans;;;Langue 1;Langue 1;Langue 1;Langue 1;Langue 1;Langue 1;Langue 1;Langue 1;Langue 1;Langue 1;Parfois				;Parfois				;Rarement				;√Ä la maison,Avec des amis;Pour mieux exprimer une id√©e,Pour √™tre compris;Non;;oui;non;non;;;;;;;;;;;;
2024-11-28 14:30:17;2024-11-28 14:31:29;IP Address;92.184.107.225;100;72;True;2024-11-28 14:31:30;R_24oZrT4hFSBonPH;;;;;48.8954;2.2574;anonymous;FR;18-25 ans;Femme;Fran√ßaise;France;Universit√© (Licence);Non;;;;;;;;;;;;;;;;;;;;;;;;;;;;;;;;;;;;;;;;;;;;
2024-11-28 14:37:04;2024-11-28 14:42:37;IP Address;105.100.12.197;100;332;True;2024-11-28 14:42:37;R_2omYaC3e3RRhh1D;;;;;36.7405;3.1159;anonymous;FR;18-25 ans;Homme;Alg√©rienne;Alg√©rie;Universit√© (Licence);Oui;Oui;Dialecte alg√©rien;Fran√ßais;Anglais;Arabe;;Langue 2;4ans-18ans;avant 3ans;4ans-18ans;4ans-18ans;;Langue 1,Langue 2;Langue 1,Langue 2;Langue 2;Langue 2;Langue 1;Langue 1;Langue 1;Langue 1;Langue 2;Langue 2;Tr√®s souvent				;Souvent				;Rarement				;Avec des amis;Pour √™tre compris,Parce que certains mots ou expressions sont plus faciles dans une autre langue;Non;;oui;non;oui;Non;Oui;Oui;Oui;Oui;Oui;Oui;Non;;Ni confortable, ni inconfortable;Bonne;
2024-11-28 19:09:16;2024-11-28 19:20:12;IP Address;154.121.59.50;100;655;True;2024-11-28 19:20:12;R_8C1L3v2RhPVUbOH;;;;;36.7859;7.6282;anonymous;FR;26-35 ans;Femme;Alg√©rienne;Alg√©rie;Universit√© (Master/Doctorat);Oui;Oui;Arabe;Fran√ßais;Kabyle;Allemand;;Langue 3;4ans-18ans;4ans-18ans;avant 3ans;18ans-25ans;;Langue 1,Langue 2,Langue 3;;Langue 3;Langue 2;Langue 3;Langue 3;Langue 2;Langue 2;Langue 3;Langue 3;Tr√®s souvent				;Tr√®s souvent				;Tr√®s souvent				;√Ä la maison,Au travail ou √† l'√©cole,Avec des amis,Lors des activit√©s administratives,Sur les r√©seaux sociaux,Lors des achats ou au march√©;Par habitude;Oui (donnez un exemple);Soo, me too , yes, thank you, i love you , of course ;oui;non;oui;Non;Oui;Oui;Oui;Oui;Non;Oui;Non;;Plut√¥t confortable;Bonne;Non 
2024-11-28 19:18:05;2024-11-28 19:23:38;IP Address;94.139.29.248;100;333;True;2024-11-28 19:23:39;R_2g8fcaW8O6oPtTs;;;;;52.5284;13.4742;anonymous;FR;18-25 ans;Homme;Fran√ßaise;Allemagne ;Lyc√©e;Oui;Non;Fran√ßais;Allemand;Anglais;Espagnol;;Langue 1;avant 3ans;4ans-18ans;4ans-18ans;4ans-18ans;;Langue 1;;Langue 1;Langue 1;Langue 2;Langue 2;Langue 3;Langue 2;Langue 1;Langue 1;Tr√®s souvent				;Tr√®s souvent				;Parfois				;Sur les r√©seaux sociaux;Par habitude;Oui (donnez un exemple);Mon jungler il feed l‚Äôennemi ;oui;non;non;;;;;;;;;;;;Sympa le questionnaire 
2024-11-28 19:20:23;2024-11-28 19:23:56;IP Address;77.136.67.70;100;212;True;2024-11-28 19:23:56;R_2hyan9TPYcr1S9m;;;;;48.8323;2.4075;anonymous;FR;18-25 ans;Femme;Alg√©rienne;France;Universit√© (Master/Doctorat);Oui;Oui;Fran√ßais;Arabe;Dialecte alg√©rien;Anglais;;Langue 1;avant 3ans;avant 3ans;avant 3ans;4ans-18ans;;Langue 1,Langue 3;;Langue 1;Langue 1;Langue 1;Langue 1;Langue 1;Langue 1;Langue 1;Langue 1;Tr√®s souvent				;Rarement				;Parfois				;Au travail ou √† l'√©cole,Sur les r√©seaux sociaux;Pour mieux exprimer une id√©e,Parce que certains mots ou expressions sont plus faciles dans une autre langue;Oui (donnez un exemple);In my opinion / to be honest;oui;oui;oui;Oui;Oui;Oui;Oui;Oui;Oui;Oui;Oui (Veuillez fournir des exemples);Jsp genre ¬´¬†ma3lich¬†¬ª;Ni confortable, ni inconfortable;Moyenne;
2024-11-28 19:19:29;2024-11-28 19:25:57;IP Address;176.189.117.247;100;387;True;2024-11-28 19:25:57;R_8I9pOida4JboHug;;;;;44.8412;-0.5806;anonymous;FR;18-25 ans;Femme;Alg√©rienne;France;Universit√© (Licence);Oui;Oui;Dialecte alg√©rien;Fran√ßais;Anglais;;;Langue 2;avant 3ans;avant 3ans;4ans-18ans;;;Langue 2;;Langue 2;Langue 2;Langue 2;Langue 2;Langue 2;Langue 2;Langue 3;Langue 3;Tr√®s souvent				;Souvent				;Parfois				;√Ä la maison,Avec des amis;Pour mieux exprimer une id√©e;Oui (donnez un exemple);at the end of the day /(capital;oui;non;oui;Oui;Oui;Oui;Oui;Oui;Oui;Oui;Oui (Veuillez fournir des exemples);;Plut√¥t confortable;Bonne;
2024-11-28 19:24:02;2024-11-28 19:27:47;IP Address;197.114.216.139;100;224;True;2024-11-28 19:27:48;R_2HdekccGGuerbeO;;;;;36.7624;3.0459;anonymous;FR;26-35 ans;Femme;Alg√©rienne;Alg√©rie;Universit√© (Master/Doctorat);Oui;;Arabe;Fran√ßais;Anglais;;;Langue 1;4ans-18ans;4ans-18ans;18ans-25ans;;;Langue 2;Langue 2;;Langue 2;Langue 1;Langue 1;Langue 1;Langue 2;Langue 2;Langue 2;Tr√®s souvent				;Tr√®s souvent				;Tr√®s souvent				;Avec des amis;Pour mieux exprimer une id√©e;Non;;oui;oui;oui;;;;;;;;;;;;Ma langue maternelle est tamazighth merci de l ajouter √† votre questionnaire 
2024-11-28 19:27:23;2024-11-28 19:31:59;IP Address;105.97.80.50;100;276;True;2024-11-28 19:32:00;R_2loZbUFar29ZGxn;;;;;36.7377;3.0839;anonymous;FR;26-35 ans;Homme;Alg√©rienne;Alg√©rie;Universit√© (Master/Doctorat);Oui;Oui;Dialecte alg√©rien;Fran√ßais;;;;Langue 1;4ans-18ans;4ans-18ans;;;;Langue 1;Langue 1;Langue 1;Langue 2;Langue 2;Langue 2;Langue 2;Langue 2;Langue 2;Langue 2;Souvent				;Parfois				;Tr√®s souvent				;Au travail ou √† l'√©cole,Avec des amis,Lors des activit√©s administratives;Pour mieux exprimer une id√©e,Parce que certains mots ou expressions sont plus faciles dans une autre langue;Non;;oui;non;oui;Oui;Oui;Oui;Oui;Oui;Oui;Oui;Oui (Veuillez fournir des exemples);;Extr√™mement confortable;Excellente;
2024-11-28 19:29:40;2024-11-28 19:34:03;IP Address;77.204.104.4;100;262;True;2024-11-28 19:34:03;R_2jpPk2ESuU9l3KY;;;;;48.9119;2.2875;anonymous;FR;18-25 ans;Homme;Fran√ßaise;France;Universit√© (Master/Doctorat);Oui;Non;Fran√ßais;Anglais;;;;Langue 1;avant 3ans;4ans-18ans;;;;Langue 1;Langue 1;Langue 1;Langue 1;Langue 1;Langue 1;Langue 2;Langue 1;Langue 1;Langue 1;Tr√®s souvent				;Parfois				;Parfois				;Au travail ou √† l'√©cole;Pour mieux exprimer une id√©e;Oui (donnez un exemple);N√©ologismes en -ed;oui;non;oui;;;;;;;;;;;;
2024-11-28 19:29:40;2024-11-28 19:37:43;IP Address;77.136.66.105;100;482;True;2024-11-28 19:37:43;R_2FJ7Ju9OZbxIv02;;;;;48.8323;2.4075;anonymous;FR;18-25 ans;Femme;Fran√ßaise;France;Lyc√©e;Oui;Non;Fran√ßais;Anglais;Arabe;;;Langue 1;avant 3ans;4ans-18ans;4ans-18ans;Plus de 26ans;Plus de 26ans;Langue 1;Langue 1;Langue 1;Langue 1;Langue 1;Langue 1;Langue 1;Langue 1;Langue 1;Langue 1;Tr√®s souvent				;Parfois				;Rarement				;Avec des amis;Pour montrer une certaine identit√© culturelle;Oui (donnez un exemple);¬†its giving¬†¬ª;oui;non;non;;;;;;;;;;;;
2024-11-28 19:37:25;2024-11-28 19:41:20;IP Address;129.45.112.212;100;235;True;2024-11-28 19:41:20;R_2F2Hl65rPazycML;;;;;36.368;6.6172;anonymous;FR;18-25 ans;Femme;Alg√©rienne;Alg√©rie;Universit√© (Master/Doctorat);Oui;Oui;Arabe;Fran√ßais;Anglais;Kabyle;;Langue 4;4ans-18ans;4ans-18ans;4ans-18ans;avant 3ans;;Langue 4;;Langue 4;Langue 2;Langue 2;Langue 2;Langue 2;Langue 2;Langue 4;Langue 2;Souvent				;Souvent				;Tr√®s souvent				;Avec des amis;Par habitude;Non;;oui;oui;oui;Oui;Oui;Oui;Oui;Oui;Oui;Oui;Non;;Ni confortable, ni inconfortable;Moyenne;Rien
2024-11-28 19:38:51;2024-11-28 19:42:21;IP Address;37.175.143.212;100;209;True;2024-11-28 19:42:22;R_2e24ZtnTrO8gcFh;;;;;48.8582;2.3387;anonymous;FR;18-25 ans;Femme;Alg√©rienne;Alg√©rie;Universit√© (Licence);Oui;Oui;Fran√ßais;Dialecte alg√©rien;Anglais;;;Langue 2;avant 3ans;avant 3ans;4ans-18ans;;;Langue 1;;Langue 1;Langue 1;Langue 1;Langue 1;Langue 1;Langue 1;Langue 1;Langue 1;Tr√®s souvent				;Parfois				;Rarement				;√Ä la maison,Au travail ou √† l'√©cole;Par habitude,Pour √™tre compris;;;oui;non;oui;Non;Oui;Non;Oui;Oui;Oui;Oui;Non;;Plut√¥t inconfortable;Moyenne;
2024-11-28 19:39:14;2024-11-28 19:47:22;IP Address;154.121.31.180;100;487;True;2024-11-28 19:47:23;R_2Op3Jm7mf8ITOr5;;;;;36.7405;3.1159;anonymous;FR;18-25 ans;Homme;Alg√©rienne;Alg√©rie;Universit√© (Licence);Oui;Oui;Kabyle;Fran√ßais;Anglais;Arabe;Dialecte alg√©rien;Langue 1;avant 3ans;4ans-18ans;4ans-18ans;4ans-18ans;4ans-18ans;Langue 1;Langue 1;Langue 1;Langue 1;Langue 1;Langue 2;Langue 2;Langue 2;Langue 1;Langue 1;Souvent				;Souvent				;Parfois				;Avec des amis,Sur les r√©seaux sociaux,Lors des achats ou au march√©;Pour √™tre compris;Oui (donnez un exemple);glow up;oui;non;oui;Non;Oui;Non;Oui;Oui;Oui;Oui;Oui (Veuillez fournir des exemples);;Ni confortable, ni inconfortable;Moyenne;
2024-11-28 19:43:46;2024-11-28 19:48:24;IP Address;105.235.132.208;100;277;True;2024-11-28 19:48:24;R_8bj5EUPuIXQuXnz;;;;;36.7405;3.1159;anonymous;FR;Moins de 18 ans;Femme;Alg√©rienne;Alg√©rie;Lyc√©e;Oui;Oui;Fran√ßais;Arabe;Anglais;Dialecte alg√©rien;;Langue 4;avant 3ans;avant 3ans;4ans-18ans;4ans-18ans;;Langue 1;Langue 1;Langue 1;Langue 1;Langue 4;Langue 1;Langue 1;Langue 1;Langue 1;Langue 1;Parfois				;Parfois				;Souvent				;√Ä la maison,Au travail ou √† l'√©cole,Avec des amis;Par habitude,Parce que certains mots ou expressions sont plus faciles dans une autre langue;Non;;oui;non;oui;Non;Oui;Oui;Non;Non;Non;Oui;Non;;Ni confortable, ni inconfortable;Bonne;
2024-11-28 19:43:24;2024-11-28 19:51:47;IP Address;105.235.131.99;100;503;True;2024-11-28 19:51:48;R_28SUjriEcgSd0e5;;;;;36.7642;3.1468;anonymous;FR;18-25 ans;Homme;Alg√©rienne;Alg√©rie;Universit√© (Licence);Oui;Oui;Arabe;Fran√ßais;Anglais;;;Langue 1;avant 3ans;4ans-18ans;4ans-18ans;;;Langue 1;;Langue 1;Langue 1;Langue 2;Langue 1;Langue 3;Langue 3;Langue 1;Langue 3;Tr√®s souvent				;Tr√®s souvent				;Tr√®s souvent				;Au travail ou √† l'√©cole,Avec des amis,Sur les r√©seaux sociaux,Lors des achats ou au march√©;Pour mieux exprimer une id√©e;Oui (donnez un exemple);Whatever brb;oui;non;oui;Non;Oui;Oui;Oui;Oui;Non;Oui;Non;;Plut√¥t confortable;Bonne;
2024-11-28 19:55:37;2024-11-28 19:55:58;IP Address;77.133.249.80;100;21;True;2024-11-28 19:55:59;R_29uAgPZJ2OlQorw;;;;;48.8582;2.3387;anonymous;FR;18-25 ans;Femme;Fran√ßaise;France;Universit√© (Licence);Non;;;;;;;;;;;;;;;;;;;;;;;;;;;;;;;;;;;;;;;;;;;;
2024-11-28 19:51:57;2024-11-28 19:57:56;IP Address;154.246.165.109;100;359;True;2024-11-28 19:57:57;R_8Mcndw6fwskVnLa;;;;;36.1665;5.4031;anonymous;FR;26-35 ans;Femme;Alg√©rienne;Alg√©rie;Lyc√©e;Oui;Oui;Dialecte alg√©rien;;;;;Langue 1;4ans-18ans;;;;;Langue 1;;;;;;Langue 1;;;;Souvent				;Parfois				;Parfois				;Au travail ou √† l'√©cole;Par habitude;Oui (donnez un exemple);Of course ;oui;oui;oui;Non;Oui;Oui;Oui;Oui;Non;Oui;Non;;Plut√¥t confortable;Bonne;Super 
2024-11-28 19:52:36;2024-11-28 19:59:10;IP Address;80.215.109.239;100;393;True;2024-11-28 19:59:10;R_20gf0YoxG1qeUDL;;;;;48.8582;2.3387;anonymous;FR;18-25 ans;Femme;Alg√©rienne;France;Universit√© (Master/Doctorat);Oui;Oui;Kabyle;Fran√ßais;Anglais;Arabe;Indien ;Langue 1;avant 3ans;avant 3ans;4ans-18ans;4ans-18ans;4ans-18ans;Langue 1,Langue 2;Langue 1,Langue 2;Langue 1;Langue 2;Langue 2;Langue 2;Langue 2;Langue 2;Langue 2;Langue 2;Tr√®s souvent				;Souvent				;Tr√®s souvent				;√Ä la maison;Par habitude,Pour √™tre compris;Oui (donnez un exemple);Anyways, of course, darling, slay. ‚Ä¶..;oui;non;oui;Non;Oui;Oui;Non;Non;Oui;Oui;Oui (Veuillez fournir des exemples);Izan, aghyoul, rouh atkhrat ;Extr√™mement confortable;Moyenne;Nope
2024-11-28 19:58:51;2024-11-28 20:03:30;IP Address;129.45.115.238;100;279;True;2024-11-28 20:03:31;R_8taH6Jzpk5UIQdN;;;;;36.368;6.6172;anonymous;FR;18-25 ans;Femme;Alg√©rienne;Alg√©rie;Universit√© (Master/Doctorat);Oui;;Fran√ßais;Anglais;Arabe;;;Langue 3;4ans-18ans;18ans-25ans;avant 3ans;;;Langue 1,Langue 3;;;Langue 3;Langue 3;Langue 1;Langue 1;Langue 1;Langue 1;Langue 3;Souvent				;Souvent				;Souvent				;Au travail ou √† l'√©cole,Avec des amis,Lors des activit√©s administratives,Sur les r√©seaux sociaux,Lors des achats ou au march√©;Pour mieux exprimer une id√©e,Pour √™tre compris,Parce que certains mots ou expressions sont plus faciles dans une autre langue;Oui (donnez un exemple);Non omg;oui;oui;oui;;;;;;;;;;;;
2024-11-28 19:58:51;2024-11-28 20:04:19;IP Address;204.48.77.84;100;328;True;2024-11-28 20:04:19;R_6imKX40nCB9PJzS;;;;;45.5419;-73.6312;anonymous;FR;18-25 ans;Femme;Alg√©rienne;Canada ;Universit√© (Licence);Oui;Oui;Fran√ßais;Anglais;Kabyle;Dialecte alg√©rien;Espagnol;Langue 1;avant 3ans;4ans-18ans;4ans-18ans;4ans-18ans;4ans-18ans;Langue 1,Langue 3,Langue 4;;Langue 1;Langue 1;Langue 1;Langue 1;Langue 2;Langue 1;Langue 1;Langue 1;Souvent				;Souvent				;Souvent				;Au travail ou √† l'√©cole,Avec des amis;Pour √™tre compris;Oui (donnez un exemple);;oui;oui;oui;Oui;Oui;Oui;Non;Non;Non;Oui;Non;;Ni confortable, ni inconfortable;Excellente;
2024-11-28 20:09:35;2024-11-28 20:18:21;IP Address;46.193.0.163;100;526;True;2024-11-28 20:18:22;R_8h3CYZUkmmJvP0J;;;;;49.4943;0.1018;anonymous;FR;18-25 ans;Femme;Marocaine;France;Universit√© (Master/Doctorat);Oui;Oui;Dialecte marocain;Fran√ßais;Anglais;Italien;Turc ;Langue 1;avant 3ans;4ans-18ans;4ans-18ans;18ans-25ans;4ans-18ans;Langue 1;Langue 1;Langue 1;Langue 2;Langue 2;Langue 2;Langue 3;Langue 2;Langue 1;Langue 1;Parfois				;Parfois				;Souvent				;Au travail ou √† l'√©cole,Avec des amis;Par habitude,Parce que certains mots ou expressions sont plus faciles dans une autre langue;Non;;oui;non;oui;Oui;Oui;Oui;Oui;Oui;Oui;Oui;Non;;Plut√¥t confortable;Bonne;
2024-11-28 20:38:03;2024-11-28 20:43:49;IP Address;41.73.109.127;100;345;True;2024-11-28 20:43:50;R_2OJBhDWMfvhUxZx;;;;;12.6542;-7.9989;anonymous;FR;18-25 ans;Homme;Malienne;Mali;Universit√© (Master/Doctorat);Oui;Non;Fran√ßais;Bambara;;;;Langue 2;4ans-18ans;avant 3ans;;;;Langue 2;Langue 2;Langue 2;Langue 2;Langue 2;Langue 1;Langue 1;Langue 1;Langue 2;Langue 2;Souvent				;Rarement				;Rarement				;Au travail ou √† l'√©cole,Lors des activit√©s administratives,Sur les r√©seaux sociaux,Lors des achats ou au march√©;Pour mieux exprimer une id√©e,Pour √™tre compris,Parce que certains mots ou expressions sont plus faciles dans une autre langue;Oui (donnez un exemple);Bonjour;oui;non;oui;;;;;;;;;;;;
2024-11-28 20:46:26;2024-11-28 20:47:01;IP Address;193.56.245.115;100;34;True;2024-11-28 20:47:02;R_2EgIsIdHEUYdAWm;;;;;48.8582;2.3387;anonymous;FR;18-25 ans;Femme;Fran√ßaise;France;Universit√© (Licence);Non;;;;;;;;;;;;;;;;;;;;;;;;;;;;;;;;;;;;;;;;;;;;
2024-11-28 20:48:04;2024-11-28 20:54:55;IP Address;105.235.130.82;100;411;True;2024-11-28 20:54:56;R_8hF8bIQpyYeY54v;;;;;36.7642;3.1468;anonymous;FR;18-25 ans;Femme;Alg√©rienne;Alg√©rie;Universit√© (Master/Doctorat);Oui;Oui;Kabyle;Arabe;Fran√ßais;Anglais;;Langue 1;avant 3ans;4ans-18ans;4ans-18ans;4ans-18ans;;Langue 1;;Langue 1;Langue 3;Langue 3;Langue 3;Langue 3;Langue 3;Langue 3;Langue 3;Parfois				;Parfois				;Rarement				;√Ä la maison,Au travail ou √† l'√©cole,Avec des amis,Lors des activit√©s administratives,Sur les r√©seaux sociaux,Lors des achats ou au march√©;Pour mieux exprimer une id√©e,Par habitude,Pour √™tre compris,Pour montrer une certaine identit√© culturelle,Parce que certains mots ou expressions sont plus faciles dans une autre langue;Oui (donnez un exemple);Cute, funny, ;oui;non;oui;Oui;Oui;Oui;Oui;Non;;Oui;Oui (Veuillez fournir des exemples);;Plut√¥t confortable;Bonne;
2024-11-28 20:40:28;2024-11-28 20:55:56;IP Address;91.163.172.93;100;928;True;2024-11-28 20:55:57;R_8EjXcrp9QZVckxP;;;;;43.6323;3.8935;anonymous;FR;18-25 ans;Femme;Alg√©rienne;France;Universit√© (Licence);Oui;Oui;Fran√ßais;Anglais;Dialecte alg√©rien;Arabe;;Langue 1;avant 3ans;4ans-18ans;4ans-18ans;4ans-18ans;;Langue 1,Langue 3;Langue 1,Langue 3;Langue 1;Langue 1;Langue 3;Langue 1;Langue 1;Langue 1;Langue 2;Langue 2;Tr√®s souvent				;Tr√®s souvent				;Souvent				;√Ä la maison,Avec des amis,Sur les r√©seaux sociaux;Pour mieux exprimer une id√©e,Par habitude,Pour √™tre compris,Parce que certains mots ou expressions sont plus faciles dans une autre langue;Oui (donnez un exemple);anyways;oui;oui;oui;Oui;Oui;Oui;Oui;Non;Oui;Oui;Oui (Veuillez fournir des exemples);sah;Extr√™mement confortable;Moyenne;Il faut jamais avoir honte de parler une langue diff√©rente, si les gens ne vous comprennent pas c‚Äôest leur probl√®me pas le votre !!
2024-11-28 21:05:43;2024-11-28 21:06:41;IP Address;41.104.119.191;100;58;True;2024-11-28 21:06:42;R_2WvILr6M4ThBVHX;;;;;36.5312;3.0698;anonymous;FR;18-25 ans;Femme;Alg√©rienne;Alg√©rie;Universit√© (Licence);Non;;;;;;;;;;;;;;;;;;;;;;;;;;;;;;;;;;;;;;;;;;;;
2024-11-28 22:04:37;2024-11-28 22:09:48;IP Address;105.102.146.125;100;310;True;2024-11-28 22:09:49;R_8CoY8Z8uxhoz0xt;;;;;36.7405;3.1159;anonymous;FR;Moins de 18 ans;Femme;Alg√©rienne;Alg√©rie;Lyc√©e;Oui;Oui;Fran√ßais;Arabe;Dialecte alg√©rien;Anglais;;Langue 3;avant 3ans;4ans-18ans;avant 3ans;4ans-18ans;;Langue 1,Langue 3;Langue 1,Langue 3;Langue 3;Langue 1;Langue 3;Langue 3;Langue 1;Langue 1;Langue 1;Langue 1;Tr√®s souvent				;Tr√®s souvent				;Rarement				;Avec des amis,Sur les r√©seaux sociaux;Pour mieux exprimer une id√©e,Par habitude,Pour √™tre compris,Parce que certains mots ou expressions sont plus faciles dans une autre langue;Oui (donnez un exemple);;oui;non;oui;Oui;Oui;Oui;Oui;Non;Oui;Oui;Oui (Veuillez fournir des exemples);;Extr√™mement confortable;Bonne;
2024-11-28 22:36:33;2024-11-28 22:42:35;IP Address;37.165.68.31;100;361;True;2024-11-28 22:42:35;R_8FsqzRAuxC5MUjY;;;;;48.8582;2.3387;anonymous;FR;18-25 ans;Femme;Alg√©rienne;France;Universit√© (Licence);Oui;Oui;Fran√ßais;Arabe;Anglais;Dialecte alg√©rien;Kabyle;Langue 1;avant 3ans;avant 3ans;4ans-18ans;avant 3ans;4ans-18ans;Langue 1;Langue 1;Langue 1;Langue 1;Langue 1;Langue 1;Langue 1;Langue 1;Langue 2;Langue 1;Tr√®s souvent				;Tr√®s souvent				;Tr√®s souvent				;√Ä la maison,Avec des amis;Pour mieux exprimer une id√©e,Pour √™tre compris,Parce que certains mots ou expressions sont plus faciles dans une autre langue;Oui (donnez un exemple);;oui;oui;oui;Oui;Oui;Oui;Non;Oui;Oui;Oui;Non;;Extr√™mement confortable;Terrible;
2024-11-28 22:40:42;2024-11-28 22:48:48;IP Address;197.115.4.55;100;486;True;2024-11-28 22:48:49;R_23ibvRCuXjiyFPz;;;;;36.7624;3.0459;anonymous;FR;18-25 ans;Femme;Alg√©rienne;Alg√©rie;Universit√© (Licence);Oui;Non;Kabyle;Arabe;Fran√ßais;;;Langue 1;avant 3ans;avant 3ans;avant 3ans;;;Langue 1,Langue 2,Langue 3;Langue 1,Langue 3;Langue 1;Langue 3;Langue 3;Langue 3;Langue 3;Langue 3;Langue 3;Langue 1;Tr√®s souvent				;Tr√®s souvent				;Tr√®s souvent				;Au travail ou √† l'√©cole,Avec des amis,Lors des activit√©s administratives,Sur les r√©seaux sociaux,Lors des achats ou au march√©;Pour mieux exprimer une id√©e,Par habitude,Pour montrer une certaine identit√© culturelle,Parce que certains mots ou expressions sont plus faciles dans une autre langue;Oui (donnez un exemple);Independente women;oui;non;oui;;;;;;;;;;;;ü•∞
2024-11-28 23:07:29;2024-11-28 23:12:19;IP Address;86.242.60.25;100;290;True;2024-11-28 23:12:20;R_82EKob2gc6ELxV1;;;;;48.8323;2.4075;anonymous;FR;18-25 ans;Femme;Fran√ßaise;France;Universit√© (Licence);Oui;Non;Fran√ßais;Anglais;Espagnol;Allemand;;Langue 1;avant 3ans;4ans-18ans;18ans-25ans;4ans-18ans;;Langue 1;Langue 1;Langue 1;Langue 1;Langue 1;Langue 1;Langue 1;Langue 2;Langue 1;Langue 1;Tr√®s souvent				;Parfois				;Jamais;√Ä la maison,Avec des amis,Sur les r√©seaux sociaux;Parce que certains mots ou expressions sont plus faciles dans une autre langue;Oui (donnez un exemple);;oui;non;non;;;;;;;;;;;;
2024-11-29 04:07:56;2024-11-29 04:11:52;IP Address;91.200.207.6;100;235;True;2024-11-29 04:11:53;R_8GNqzfpGMiKud29;;;;;48.8323;2.4075;anonymous;FR;18-25 ans;Homme;Alg√©rienne;France;Universit√© (Licence);Oui;Oui;Fran√ßais;Anglais;Espagnol;Kabyle;Dialecte alg√©rien;Langue 1;avant 3ans;4ans-18ans;18ans-25ans;avant 3ans;4ans-18ans;Langue 1,Langue 4;;Langue 1;Langue 1;Langue 1;Langue 1;Langue 1;Langue 1;Langue 1;Langue 1;Tr√®s souvent				;Parfois				;Jamais;√Ä la maison,Avec des amis;Pour mieux exprimer une id√©e,Parce que certains mots ou expressions sont plus faciles dans une autre langue;Non;;oui;non;oui;Oui;Oui;Oui;Oui;Non;Oui;Non;Non;;Extr√™mement confortable;Excellente;
2024-11-29 07:04:15;2024-11-29 07:09:43;IP Address;91.164.58.174;100;327;True;2024-11-29 07:09:43;R_2f5L5ZRWAMVkfXr;;;;;43.6107;3.8809;anonymous;FR;18-25 ans;Femme;Alg√©rienne;France;Universit√© (Licence);Oui;Oui;Dialecte alg√©rien;Arabe;Fran√ßais;Anglais;;Langue 1;avant 3ans;4ans-18ans;avant 3ans;4ans-18ans;;Langue 1,Langue 3;Langue 1;Langue 1;Langue 3;Langue 3;Langue 3;Langue 3;Langue 3;Langue 3;Langue 3;Souvent				;Souvent				;Parfois				;√Ä la maison,Avec des amis;Par habitude,Parce que certains mots ou expressions sont plus faciles dans une autre langue;Oui (donnez un exemple);Wesh;oui;non;oui;Oui;Oui;Oui;Non;Non;Oui;Oui;Oui (Veuillez fournir des exemples);Za3ma;Plut√¥t confortable;Bonne;
2024-11-29 12:57:54;2024-11-29 13:03:31;IP Address;80.214.96.158;100;336;True;2024-11-29 13:03:32;R_2KnoctoRNz2BhZL;;;;;48.8323;2.4075;anonymous;FR;18-25 ans;Homme;Fran√ßaise;France;Universit√© (Licence);Oui;Oui;Fran√ßais;Dialecte alg√©rien;;;;Langue 1;avant 3ans;avant 3ans;;;;Langue 2;Langue 2;Langue 2;Langue 1;Langue 1;Langue 1;Langue 1;Langue 1;Langue 1;Langue 1;Parfois				;Parfois				;Parfois				;√Ä la maison;Pour mieux exprimer une id√©e,Par habitude,Pour √™tre compris,Parce que certains mots ou expressions sont plus faciles dans une autre langue;Non;;oui;non;oui;Oui;Oui;Oui;Non;Oui;Oui;;Non;;Ni confortable, ni inconfortable;Moyenne;
2024-11-29 17:26:02;2024-11-29 17:29:49;IP Address;80.239.186.176;100;227;True;2024-11-29 17:29:50;R_20VEHUjbLU5ZgJU;;;;;48.9655;2.5347;anonymous;FR;18-25 ans;Femme;Alg√©rienne;France;Universit√© (Licence);Oui;Oui;Dialecte alg√©rien;Fran√ßais;Arabe;Anglais;;Langue 1;avant 3ans;avant 3ans;4ans-18ans;4ans-18ans;;Langue 1,Langue 2,Langue 4;Langue 1,Langue 2;Langue 2;Langue 2;Langue 2;Langue 2;Langue 2;Langue 2;Langue 2;Langue 2;Tr√®s souvent				;Tr√®s souvent				;Tr√®s souvent				;√Ä la maison,Avec des amis,Sur les r√©seaux sociaux;Pour mieux exprimer une id√©e,Par habitude;Oui (donnez un exemple);Like, I guess, idk etc;non;non;oui;Non;Oui;Oui;Oui;Non;Oui;Oui;Oui (Veuillez fournir des exemples);Khra;Ni confortable, ni inconfortable;Moyenne;
2024-11-29 19:44:16;2024-11-29 19:54:27;IP Address;46.193.69.168;100;611;True;2024-11-29 19:54:28;R_8UuP7kQExfCb08V;;;;;48.8582;2.3387;anonymous;FR;18-25 ans;Homme;Marocaine;France;Universit√© (Licence);Oui;Oui;Fran√ßais;Anglais;Arabe;;;Langue 3;4ans-18ans;4ans-18ans;avant 3ans;;;Langue 3;Langue 3;Langue 3;Langue 1;Langue 1;Langue 1;Langue 1;Langue 2;Langue 2;Langue 2;Parfois				;;;Lors des activit√©s administratives,Sur les r√©seaux sociaux,Lors des achats ou au march√©;Pour mieux exprimer une id√©e,Parce que certains mots ou expressions sont plus faciles dans une autre langue;Non;;oui;non;oui;Non;Non;Oui;Oui;Non;Oui;Oui;Non;;Ni confortable, ni inconfortable;Mauvaise;
2024-11-29 20:00:40;2024-11-29 20:04:08;IP Address;85.171.203.39;100;207;True;2024-11-29 20:04:09;R_27eJJCAQzeXh69z;;;;;49.9007;2.2968;anonymous;FR;18-25 ans;Femme;Turque;France;Universit√© (Licence);Oui;Non;Kurde;Turc;Fran√ßais;;;Langue 1;avant 3ans;4ans-18ans;4ans-18ans;;;Langue 1;Langue 1;Langue 1;Langue 3;Langue 3;Langue 3;Langue 3;Langue 3;Langue 2;Langue 2;Tr√®s souvent				;Souvent				;Souvent				;√Ä la maison;Pour mieux exprimer une id√©e;Oui (donnez un exemple);Okey;oui;non;oui;;;;;;;;;;;;
2024-11-29 20:21:39;2024-11-29 20:22:12;IP Address;86.208.96.220;100;32;True;2024-11-29 20:22:13;R_8l3snxzXaKNXYEw;;;;;49.6962;2.7818;anonymous;FR;18-25 ans;Femme;Fran√ßaise;France;Universit√© (Licence);Non;;;;;;;;;;;;;;;;;;;;;;;;;;;;;;;;;;;;;;;;;;;;
2024-11-30 18:37:17;2024-11-30 18:42:36;IP Address;37.174.106.175;100;319;True;2024-11-30 18:42:37;R_2UcrEehUBXcvH9f;;;;;48.8611;2.3269;anonymous;FR;18-25 ans;Homme;Alg√©rienne;France;Universit√© (Licence);Oui;Oui;Dialecte alg√©rien;Fran√ßais;Anglais;Arabe;;Langue 1;avant 3ans;avant 3ans;4ans-18ans;4ans-18ans;;Langue 1,Langue 2;Langue 1,Langue 2;Langue 1;Langue 2;Langue 2;Langue 2;Langue 2;Langue 2;Langue 2;Langue 2;Souvent				;Tr√®s souvent				;Souvent				;√Ä la maison,Avec des amis;Par habitude,Parce que certains mots ou expressions sont plus faciles dans une autre langue;Oui (donnez un exemple);Cringe;oui;non;oui;Non;Oui;Oui;Oui;Non;Oui;Oui;Non;;Ni confortable, ni inconfortable;Moyenne;
2024-12-01 15:25:19;2024-12-01 15:28:47;IP Address;88.140.250.9;100;208;True;2024-12-01 15:28:48;R_2CT5FTsxYAsGnbc;;;;;48.8323;2.4075;anonymous;FR;18-25 ans;Femme;Fran√ßaise;France;Universit√© (Licence);Non;;;;;;;;;;;;;;;;;;;;;;;;;;;;;;;;;;;;;;;;;;;;
2024-12-01 15:42:04;2024-12-01 15:48:34;IP Address;78.192.8.129;100;389;True;2024-12-01 15:48:35;R_8LHe3AWf0pYtbr7;;;;;48.8323;2.4075;anonymous;FR;18-25 ans;Femme;Fran√ßaise;France;Universit√© (Licence);Oui;Non;Fran√ßais;Italien;;;;Langue 1;avant 3ans;avant 3ans;;;;Langue 2;Langue 2;Langue 2;Langue 1;Langue 1;Langue 1;Langue 1;Langue 1;Langue 1;Langue 1;Souvent				;Parfois				;Rarement				;√Ä la maison;Par habitude;Oui (donnez un exemple);Dai ;oui;non;oui;;;;;;;;;;;;
2024-12-01 19:13:51;2024-12-01 19:14:27;IP Address;90.60.52.42;100;36;True;2024-12-01 19:14:28;R_88n8qFIJIMUobcZ;;;;;48.6939;2.3024;anonymous;FR;;;;;;;;;;;;;;;;;;;;;;;;;;;;;;;;;;;;;;;;;;;;;;;;;;
2024-12-02 05:46:35;2024-12-02 05:47:39;IP Address;92.154.49.27;100;64;True;2024-12-02 05:47:39;R_23smPg8dvIwrIRz;;;;;48.7411;2.3916;anonymous;FR;18-25 ans;Femme;Fran√ßaise;France;Universit√© (Licence);Non;;;;;;;;;;;;;;;;;;;;;;;;;;;;;;;;;;;;;;;;;;;;
2024-11-27 16:48:18;2024-11-27 16:51:32;IP Address;37.166.112.98;70;194;False;2024-12-04 16:51:37;R_8nBP4lXqKLg47jq;;;;;;;anonymous;FR;18-25 ans;Femme;Alg√©rienne;France;Universit√© (Licence);Oui;Oui;Arabe;Fran√ßais;Dialecte alg√©rien;;;Langue 2;avant 3ans;avant 3ans;4ans-18ans;;;Langue 2,Langue 3;Langue 2,Langue 3;Langue 3;Langue 3;Langue 2;Langue 2;Langue 2;Langue 2;Langue 2;Langue 2;Souvent				;Souvent				;Parfois				;√Ä la maison,Avec des amis;Pour mieux exprimer une id√©e,Par habitude,Parce que certains mots ou expressions sont plus faciles dans une autre langue;;;;;;;;;;;;;;;;;
2024-11-27 16:48:34;2024-11-27 16:52:39;IP Address;78.193.38.93;78;244;False;2024-12-04 16:52:43;R_2wEmTjkbfCvUz2B;;;;;;;anonymous;FR;18-25 ans;Femme;Alg√©rienne;France;Universit√© (Licence);Oui;Oui;Dialecte alg√©rien;Fran√ßais;Anglais;;;Langue 1;avant 3ans;avant 3ans;4ans-18ans;;;Langue 1,Langue 2;;Langue 1;Langue 2;Langue 2;Langue 2;Langue 2;Langue 2;Langue 2;Langue 1;Tr√®s souvent				;Tr√®s souvent				;Parfois				;√Ä la maison,Au travail ou √† l'√©cole,Avec des amis,Sur les r√©seaux sociaux;Pour mieux exprimer une id√©e,Pour √™tre compris,Parce que certains mots ou expressions sont plus faciles dans une autre langue;Non;;oui;non;oui;;;;;;;;;;;;
2024-11-27 16:59:19;2024-11-27 17:01:39;IP Address;154.121.89.51;57;139;False;2024-12-04 17:01:41;R_8KW0NdMMGslsuSY;;;;;;;anonymous;FR;Moins de 18 ans;Femme;Alg√©rienne;Alg√©rie;Lyc√©e;Oui;Oui;Fran√ßais;Anglais;Dialecte alg√©rien;Arabe;;Langue 1;avant 3ans;avant 3ans;avant 3ans;4ans-18ans;;Langue 1,Langue 3;;Langue 1;Langue 2;Langue 3;Langue 3;Langue 1;Langue 1;Langue 2;;;;;;;;;;;;;;;;;;;;;;;
2024-11-27 17:02:49;2024-11-27 17:03:19;IP Address;154.121.84.151;26;29;False;2024-12-04 17:03:20;R_2EMetpMoCpz5ega;;;;;;;anonymous;FR;;;;;;;;;;;;;;;;;;;;;;;;;;;;;;;;;;;;;;;;;;;;;;;;;;
2024-11-27 17:45:52;2024-11-27 17:48:32;IP Address;92.169.102.158;57;159;False;2024-12-04 17:48:35;R_2VDOzpXWghJx9HX;;;;;;;anonymous;FR;18-25 ans;Femme;Fran√ßaise;France;Universit√© (Licence);Oui;Non;Fran√ßais;Anglais;;;;Langue 1;avant 3ans;avant 3ans;;;;Langue 1;Langue 1;Langue 1;Langue 1;Langue 1;Langue 1;Langue 1;Langue 1;Langue 1;Langue 1;;;;;;;;;;;;;;;;;;;;;;
2024-11-27 17:47:37;2024-11-27 17:49:09;IP Address;46.193.0.163;57;92;False;2024-12-04 17:49:12;R_2G7BfD7TaOXt6vT;;;;;;;anonymous;FR;18-25 ans;Homme;Fran√ßaise;France;Universit√© (Master/Doctorat);Oui;Non;Fran√ßais;Anglais;;;;Langue 1;avant 3ans;4ans-18ans;;;;Langue 1;Langue 1;Langue 1;Langue 1;Langue 1;Langue 1;Langue 1;Langue 1;Langue 1;Langue 1;;;;;;;;;;;;;;;;;;;;;;
2024-11-27 19:17:04;2024-11-27 19:17:46;IP Address;84.14.31.82;57;41;False;2024-12-04 19:17:47;R_838g8CGVsxcZ0UB;;;;;;;anonymous;FR;;;;;;;;;;;;;;;;;;;;;;;;;;;;;;;;;;;;;;;;;;;;;;;;;;
2024-11-27 19:47:32;2024-11-27 19:48:23;IP Address;77.140.63.93;30;50;False;2024-12-04 19:48:24;R_2Eg2NDhromucFz3;;;;;;;anonymous;FR;18-25 ans;Homme;Fran√ßaise;France;Universit√© (Licence);Oui;;;;;;;;;;;;;;;;;;;;;;;;;;;;;;;;;;;;;;;;;;;;
2024-11-27 21:58:34;2024-11-27 21:58:58;IP Address;176.185.201.180;30;24;False;2024-12-04 21:59:05;R_8qeoAJpJTv8d5lq;;;;;;;anonymous;FR;18-25 ans;Homme;Fran√ßaise;France;Universit√© (Licence);Oui;;;;;;;;;;;;;;;;;;;;;;;;;;;;;;;;;;;;;;;;;;;;
2024-11-27 22:50:11;2024-11-27 22:50:24;IP Address;37.169.85.48;30;12;False;2024-12-04 22:50:29;R_2EE3Wrnl5MjlFm0;;;;;;;anonymous;FR;18-25 ans;Femme;;;;;;;;;;;;;;;;;;;;;;;;;;;;;;;;;;;;;;;;;;;;;;;;
2024-11-27 23:44:22;2024-11-27 23:45:04;IP Address;176.189.117.247;39;42;False;2024-12-04 23:45:05;R_27fg5Itqc6o28eB;;;;;;;anonymous;FR;18-25 ans;Femme;;France;Universit√© (Licence);Oui;Oui;;;;;;;;;;;;;;;;;;;;;;;;;;;;;;;;;;;;;;;;;;;
2024-11-28 00:34:11;2024-11-28 00:37:51;IP Address;213.55.220.178;70;219;False;2024-12-05 00:37:57;R_8QR6td2oqaQENUv;;;;;;;anonymous;FR;18-25 ans;Femme;Alg√©rienne;Suisse;Universit√© (Licence);Oui;Oui;Fran√ßais;Dialecte alg√©rien;Arabe;Anglais;Russe;Langue 1;avant 3ans;avant 3ans;avant 3ans;4ans-18ans;4ans-18ans;Langue 1,Langue 2;Langue 1,Langue 2;Langue 1;Langue 1;Langue 1;Langue 1;Langue 1;Langue 1;Langue 1;Langue 1;Tr√®s souvent				;Tr√®s souvent				;Souvent				;√Ä la maison,Avec des amis,Sur les r√©seaux sociaux;Pour mieux exprimer une id√©e,Par habitude,Pour √™tre compris,Pour montrer une certaine identit√© culturelle,Parce que certains mots ou expressions sont plus faciles dans une autre langue;;;;;;;;;;;;;;;;;
2024-11-28 19:26:27;2024-11-28 19:29:11;IP Address;67.69.76.156;39;164;False;2024-12-05 19:29:17;R_5fj6OVCcG4xcCSu;;;;;;;anonymous;FR;18-25 ans;Femme;Alg√©rienne;Canada;Universit√© (Licence);Oui;;Arabe;Fran√ßais;Anglais;;;;;;;;;;;;;;;;;;;;;;;;;;;;;;;;;;;;;;;;
2024-11-29 01:18:15;2024-11-29 01:21:14;IP Address;105.235.132.44;52;179;False;2024-12-06 01:21:15;R_810tj4MBLb1nGAj;;;;;;;anonymous;FR;18-25 ans;Femme;Alg√©rienne;;Universit√© (Licence);Oui;Oui;Fran√ßais;Arabe;Anglais;Dialecte alg√©rien;;;4ans-18ans;4ans-18ans;avant 3ans;avant 3ans;;Langue 1,Langue 3,Langue 4;Langue 2;;;;;;;;;;;;;;;;;;;;;;;;;;;;;;
2024-11-29 14:23:08;2024-11-30 10:06:07;IP Address;77.128.153.101;78;70978;False;2024-12-07 10:06:12;R_2I6mkMKkD3kH0Mm;;;;;;;anonymous;FR;18-25 ans;Femme;Alg√©rienne;France;Universit√© (Licence);Oui;Oui;Arabe;Fran√ßais;;;;;;;;;;;;;;;;;;;;;;;;;;;;;;;;;;;;;;;;;
2024-11-30 13:41:04;2024-11-30 13:41:40;IP Address;105.235.133.168;30;35;False;2024-12-07 13:41:42;R_8ztKJSnuwKzZo6R;;;;;;;anonymous;FR;18-25 ans;Homme;Alg√©rienne;Alg√©rie;Universit√© (Master/Doctorat);Oui;;;;;;;;;;;;;;;;;;;;;;;;;;;;;;;;;;;;;;;;;;;;
2024-12-01 16:04:37;2024-12-01 16:07:47;IP Address;105.100.227.166;57;190;False;2024-12-08 16:07:49;R_8pu5QduqV2vDaI9;;;;;;;anonymous;FR;18-25 ans;Femme;Alg√©rienne;Alg√©rie;Universit√© (Licence);Oui;Oui;Fran√ßais;Anglais;Arabe;Kabyle;Dialecte alg√©rien;Langue 1;avant 3ans;4ans-18ans;4ans-18ans;4ans-18ans;4ans-18ans;Langue 1,Langue 4,Langue 5;Langue 1,Langue 4,Langue 5;Langue 1;Langue 1;Langue 1;Langue 1;Langue 1;Langue 1;Langue 1;Langue 1;;;;;;;;;;;;;;;;;;;;;;
2024-12-02 13:58:47;2024-12-02 14:04:16;IP Address;195.220.250.230;30;328;False;2024-12-09 14:04:22;R_2JZ2jIzDd9Oo12h;;;;;;;anonymous;FR;18-25 ans;Femme;Alg√©rienne;France;Universit√© (Licence);Oui;;;;;;;;;;;;;;;;;;;;;;;;;;;;;;;;;;;;;;;;;;;;
2024-12-09 16:57:57;2024-12-09 17:01:27;IP Address;46.193.0.163;100;210;True;2024-12-09 17:01:28;R_2p9AmLOwBV8zEXF;;;;;49.4943;0.1018;anonymous;FR;18-25 ans;Femme;Fran√ßaise;France;Universit√© (Licence);Oui;Non;Fran√ßais;Khmer;Anglais;Espagnol;;Langue 1;avant 3ans;avant 3ans;4ans-18ans;4ans-18ans;;Langue 1,Langue 2;Langue 1,Langue 2,Langue 3;Langue 1;Langue 1;Langue 1;Langue 1;Langue 1;Langue 3;Langue 1;Langue 1;Tr√®s souvent				;Tr√®s souvent				;Tr√®s souvent				;√Ä la maison,Au travail ou √† l'√©cole,Avec des amis,Sur les r√©seaux sociaux;Par habitude,Parce que certains mots ou expressions sont plus faciles dans une autre langue;Oui (donnez un exemple);Nevermind;oui;oui;oui;;;;;;;;;;;;